Date,Team,Season,points_allowed,target,RegLog,ArbolDecision,RandomForest,XGB,LGB,MLP,NeuralNet
2023-09-10,CRD,2023,20,0,0.0079430616,0.0,0.2012855069,0.0929302871,0.0040839568,0.0097472498,0.0644337907
2023-09-17,CRD,2023,31,0,0.3726576728,0.75,0.583184911,0.5075495839,0.279062169,0.1199551526,0.2691452801
2023-09-24,CRD,2023,16,1,0.9916817576,1.0,0.966744186,0.9896709323,0.9999066494,0.9929046573,0.9519706368
2023-10-01,CRD,2023,35,0,0.0038189398,0.0,0.1828869697,0.0171790347,0.0010939679,0.0024706204,0.0643398613
2023-10-08,CRD,2023,34,0,0.0013911682,0.0,0.0056351824,0.0026232905,0.001201323,0.0007751305,0.0642852038
2023-10-15,CRD,2023,26,0,0.003321058,0.0,0.013619216,0.0029236095,0.0005247116,0.0009668472,0.0643044636
2023-10-22,CRD,2023,20,0,0.0528161776,0.0,0.2507888215,0.0259526502,0.0034783739,0.0193064556,0.0659172609
2023-10-29,CRD,2023,31,0,0.0207913593,0.0,0.2077653675,0.0431080759,0.1270402083,0.0523373621,0.0647906959
2023-11-05,CRD,2023,27,0,1.9993e-06,0.0,0.0020026568,0.0054245815,0.0001102217,0.0001869158,0.0590599179
2023-11-12,CRD,2023,23,1,0.4088704499,1.0,0.3853050467,0.6298879981,0.752577104,0.4281137961,0.1598229259
2023-11-19,CRD,2023,21,0,0.3869125069,1.0,0.5146822992,0.4749496281,0.7075739352,0.5758023568,0.3187800944
2023-11-26,CRD,2023,37,0,7.34434e-05,0.0,0.0953012911,0.0006842809,6.743e-06,0.0001185333,0.0642843768
2023-12-03,CRD,2023,10,1,0.9996083922,1.0,0.9808440927,0.9987192154,0.9999695925,0.9998095876,0.91830796
2023-12-17,CRD,2023,45,0,0.0001358295,0.0,0.0259312486,0.009851912,0.0002617593,0.0008348282,0.0642844588
2023-12-24,CRD,2023,27,0,0.0237199363,0.0,0.2815465604,0.0256341714,0.0083923912,0.0246038118,0.0647150278
2023-12-31,CRD,2023,31,1,0.8518058353,1.0,0.6955137845,0.9207237363,0.987231759,0.9420360655,0.9155301452
2023-01-07,CRD,2023,21,0,0.9526360829,0.0,0.8775045336,0.600425303,0.5118643015,0.7157318375,0.9168787599
2023-09-10,ATL,2023,10,1,0.9885616778,1.0,0.9029879329,0.9969071746,0.9998268163,0.9991605684,0.9181499481
2023-09-17,ATL,2023,24,1,0.7778799589,1.0,0.3880142555,0.3118248284,0.4722428493,0.5984240913,0.8942353129
2023-09-24,ATL,2023,20,0,0.0019650985,0.0,0.0015919564,0.0121954484,0.0026891266,0.0019699099,0.0642901286
2023-10-01,ATL,2023,23,0,0.0043037956,0.0,0.0171117795,0.003192222,7.44633e-05,0.000444532,0.064289704
2023-10-08,ATL,2023,19,1,0.9630853897,1.0,0.9662596337,0.8972778916,0.9751000941,0.9523678807,0.9516177773
2023-10-15,ATL,2023,24,0,0.162540534,0.0,0.119742193,0.0713844076,0.1964212077,0.1866752742,0.1058353037
2023-10-22,ATL,2023,13,1,0.9819799903,1.0,0.9146325216,0.9639054537,0.9692360919,0.9333684263,0.9518001676
2023-10-29,ATL,2023,28,0,0.01480195,0.0,0.0966094807,0.0218590051,0.0064417819,0.0179121163,0.0643837303
2023-11-05,ATL,2023,31,0,0.0248453274,0.0,0.0694283937,0.0368812196,0.0457976623,0.005116868,0.0646673143
2023-11-12,ATL,2023,25,0,0.7296610485,0.5,0.4188389364,0.2622525692,0.8040080131,0.892550449,0.8843744397
2023-11-26,ATL,2023,15,1,0.9533066803,1.0,0.9178095238,0.8788811564,0.9688460555,0.9619249248,0.9091185927
2023-12-03,ATL,2023,8,1,0.9780286392,1.0,0.7924154793,0.9597492814,0.9821602034,0.9886491923,0.9171927571
2023-12-10,ATL,2023,29,0,0.1162901292,0.5,0.3840389226,0.1501561254,0.15723337,0.033604389,0.1196963564
2023-12-17,ATL,2023,9,0,0.9802357866,0.0,0.5645911654,0.5211175084,0.875115691,0.8108914354,0.9169952869
2023-12-24,ATL,2023,10,1,0.9949631361,1.0,0.8793670014,0.9967252612,0.9999276387,0.9984477016,0.9520010948
2023-12-31,ATL,2023,37,0,0.0002080972,0.0,0.0162573087,0.0023720993,1.82946e-05,0.000385092,0.0642844066
2023-01-07,ATL,2023,48,0,8.9517e-06,0.0,0.080119525,0.0211382955,8.02804e-05,0.0001178671,0.0643369779
2023-09-10,RAV,2023,9,1,0.9964189704,1.0,0.8994047619,0.9989387393,0.9999704591,0.9993496477,0.9182624817
2023-09-17,RAV,2023,24,1,0.9171153834,1.0,0.8504255264,0.940344274,0.9941589972,0.8900807809,0.9165670872
2023-09-24,RAV,2023,22,0,0.2729400464,0.0,0.3048821329,0.1222060993,0.015979888,0.1121153191,0.1060459167
2023-10-01,RAV,2023,3,1,0.9999987366,1.0,0.8974510955,0.99953866,0.999998445,0.9998873554,0.9520130754
2023-10-08,RAV,2023,17,0,0.2463061698,1.0,0.3648060383,0.2603331208,0.0763523895,0.1786665971,0.092486769
2023-10-15,RAV,2023,16,1,0.8466757769,0.375,0.9232051282,0.5967206955,0.7334854143,0.6497042212,0.9091124535
2023-10-22,RAV,2023,6,1,0.9999999369,1.0,0.9959183673,0.9997131228,0.9999999999,0.9999679318,0.9520130754
2023-10-29,RAV,2023,24,1,0.8477377727,1.0,0.6723607024,0.9216551781,0.9815100067,0.9600086478,0.9040110707
2023-11-05,RAV,2023,3,1,0.999998389,1.0,0.9246280681,0.999466598,0.9999999989,0.9999511863,0.9183090329
2023-11-12,RAV,2023,33,0,0.0328000537,0.0,0.2717125306,0.0383458808,0.108574545,0.0093527712,0.0643487498
2023-11-16,RAV,2023,20,1,0.9993201127,1.0,0.9911971831,0.9952638149,0.9978891544,0.9994681132,0.9516254663
2023-11-26,RAV,2023,10,1,0.9967488096,1.0,0.9901493811,0.997030735,0.9999154663,0.9978999372,0.9182931781
2023-12-10,RAV,2023,31,1,0.0485770301,0.0,0.2146591361,0.1250809133,0.1056451549,0.2236942257,0.1089492962
2023-12-17,RAV,2023,7,1,0.9992265613,1.0,0.8957010582,0.9992240667,0.9999909499,0.9994788501,0.918304801
2023-12-25,RAV,2023,19,1,0.973565524,1.0,0.9773927648,0.9928649664,0.9987528555,0.9974822121,0.9197942019
2023-12-31,RAV,2023,19,1,0.9999982879,1.0,0.9686456401,0.9992387295,0.9999997961,0.999851277,0.9520130754
2023-01-06,RAV,2023,17,0,0.2098135231,0.0,0.2816295567,0.2313139588,0.1787266059,0.3156390986,0.0825769752
2023-01-20,RAV,2023,10,1,0.9999844699,1.0,0.995951417,0.999840498,0.9999999662,0.9999536277,0.9183085561
2023-01-28,RAV,2023,17,0,0.1238618128,0.0,0.417776131,0.1890072674,0.0670700878,0.1640891163,0.1152169406
2023-09-11,BUF,2023,22,0,0.0084471666,1.0,0.319644934,0.0406537317,0.0528873582,0.0357525011,0.0645577759
2023-09-17,BUF,2023,10,1,0.9999851756,1.0,1.0,0.999790132,0.9999999994,0.9999600189,0.9419699907
2023-09-24,BUF,2023,3,1,0.9999871766,1.0,0.9705514706,0.9992337227,0.9999998064,0.9999377915,0.9184164405
2023-10-01,BUF,2023,20,1,0.9999735147,1.0,0.9722577892,0.998849988,0.9999995818,0.999877209,0.9520130754
2023-10-08,BUF,2023,25,0,0.2399376601,0.0,0.2315279165,0.3114225268,0.0494397359,0.0903314421,0.1409453005
2023-10-15,BUF,2023,9,1,0.9916963248,1.0,0.7403541907,0.9650868177,0.9622137104,0.9648697237,0.9182415009
2023-10-22,BUF,2023,29,0,0.2076610812,0.0,0.2261646474,0.0464250036,0.0089804253,0.1293752098,0.1790284216
2023-10-26,BUF,2023,18,1,0.9329295738,1.0,0.9773754703,0.9843555093,0.9951881556,0.9917843634,0.9509961605
2023-11-05,BUF,2023,24,0,0.0588492196,0.0,0.3064492474,0.1802159399,0.0566382632,0.0482464107,0.1139462665
2023-11-13,BUF,2023,24,0,0.29234578,0.4,0.1945859213,0.3194462359,0.2350386209,0.0748167134,0.0716531202
2023-11-19,BUF,2023,6,1,0.9999831336,1.0,0.9697258687,0.9996115565,0.9999999421,0.9999450737,0.9491621852
2023-11-26,BUF,2023,37,0,0.2255935728,0.0,0.4867589926,0.1207401901,0.0402654145,0.1188732221,0.1285007
2023-12-10,BUF,2023,17,1,0.8838459544,1.0,0.6829835039,0.8870914578,0.9169640454,0.9587640675,0.9107105136
2023-12-17,BUF,2023,10,1,0.999998179,1.0,0.9972733563,0.9998440742,0.9999999985,0.9999464846,0.9183082581
2023-12-23,BUF,2023,22,1,0.9779874235,1.0,0.8398878918,0.9612162113,0.9884414878,0.9722796711,0.9509344101
2023-12-31,BUF,2023,21,1,0.7417261034,0.0,0.5023338328,0.525757134,0.6323182651,0.6358238031,0.6850816607
2023-01-07,BUF,2023,14,1,0.9637240261,1.0,0.9408821225,0.9589627385,0.7023902351,0.7772164376,0.9516990781
2023-01-15,BUF,2023,17,1,0.9987441426,1.0,0.9333333333,0.9978970289,0.9993048366,0.9992442113,0.9183070064
2023-01-21,BUF,2023,27,0,0.6940453725,0.0,0.6509877263,0.1958908886,0.2219044737,0.4946836937,0.8927515745
2023-09-10,CAR,2023,24,0,0.027884629,0.5,0.2602532108,0.0348918848,0.0207705078,0.018799401,0.0647923946
2023-09-18,CAR,2023,20,0,0.0257618987,0.0,0.0975,0.0301529132,0.006436888,0.0516893725,0.0655640438
2023-09-24,CAR,2023,37,0,0.0010960391,0.0,0.0180175656,0.0118396459,0.005909429,0.001713859,0.0646302626
2023-10-01,CAR,2023,21,0,0.0277812482,0.0,0.4914372294,0.1197622344,0.0187622924,0.024116306,0.0654786378
2023-10-08,CAR,2023,42,0,0.000405333,0.0,0.1594529278,0.0117367487,0.0023488762,0.0011669436,0.0642851591
2023-10-15,CAR,2023,42,0,5.60597e-05,0.0,0.0226746303,0.0015867944,8.09092e-05,6.67102e-05,0.0642843768
2023-10-29,CAR,2023,13,1,0.5974221549,1.0,0.4025068681,0.7300441861,0.6731725039,0.7561664979,0.8267540336
2023-11-05,CAR,2023,27,0,0.0009346262,0.0,0.0061768704,0.0009562224,0.0003856527,0.0023219407,0.064286463
2023-11-09,CAR,2023,16,0,0.053500264,0.625,0.1998048679,0.1782582253,0.2341534221,0.0354627494,0.0662871376
2023-11-19,CAR,2023,33,0,6.73063e-05,0.0,0.105720715,0.008342837,0.009536704,0.0011058248,0.0642057508
2023-11-26,CAR,2023,17,0,0.6287926049,1.0,0.7206186099,0.4650569558,0.508086609,0.6211888156,0.6557271481
2023-12-03,CAR,2023,21,0,0.5107611431,0.0,0.224485237,0.2141385674,0.1792716132,0.6101994485,0.1302024573
2023-12-10,CAR,2023,28,0,0.0034148507,0.0,0.055026455,0.0117663266,0.0068679825,0.0015776816,0.0591184162
2023-12-17,CAR,2023,7,1,0.9372370401,0.4,0.9215384615,0.8982529044,0.9181290956,0.8896893113,0.9161545634
2023-12-24,CAR,2023,33,0,0.5344684532,0.75,0.6439914916,0.432046771,0.3036981748,0.6650375226,0.6943019629
2023-12-31,CAR,2023,26,0,5.03483e-05,0.0,0.0020026568,0.001361232,1.32527e-05,0.0002279146,0.0624887086
2023-01-07,CAR,2023,9,0,0.5633201885,0.0,0.4106446821,0.0395461023,0.0292598619,0.110836001,0.2768562436
2023-09-10,CHI,2023,38,0,0.0001877221,0.0,0.0811460632,0.0043020691,0.0001100961,0.0005802463,0.0642845556
2023-09-17,CHI,2023,27,0,0.0042644208,0.0,0.0128936764,0.0092520593,0.0428484458,0.0108421109,0.064289555
2023-09-24,CHI,2023,41,0,7.5005e-06,0.0,0.0639657641,0.001615306,0.0001104248,0.0001659765,0.0642843395
2023-10-01,CHI,2023,31,0,0.3133055495,1.0,0.7616371691,0.3922275305,0.4989970441,0.2313043786,0.2198302448
2023-10-05,CHI,2023,20,1,0.9990628481,1.0,0.9144130057,0.9971271157,0.9999540417,0.999388558,0.9520112276
2023-10-15,CHI,2023,19,0,0.0442726202,0.25,0.2156157229,0.1044112742,0.0359597755,0.0654690572,0.0616960637
2023-10-22,CHI,2023,12,1,0.9980382822,1.0,0.9061643495,0.9954724908,0.9999587625,0.9993916836,0.9183062315
2023-10-29,CHI,2023,30,0,0.0062508002,0.0,0.0564233671,0.0026837883,0.0007004777,0.0009453311,0.0643299147
2023-11-05,CHI,2023,24,0,0.1536188178,0.0,0.2527699435,0.0336818732,0.0181890713,0.0332448885,0.0730035454
2023-11-09,CHI,2023,13,1,0.9473598859,0.875,0.8843003121,0.9513759613,0.9735695793,0.9345451942,0.9163604975
2023-11-19,CHI,2023,31,0,0.4754643388,0.0,0.5144288339,0.6361805201,0.8294289766,0.2234176474,0.7595617771
2023-11-27,CHI,2023,10,1,0.7237272146,1.0,0.8023041338,0.90703547,0.8029542801,0.4732535799,0.900513649
2023-12-10,CHI,2023,13,1,0.9982359431,1.0,0.9713713714,0.9903718233,0.9997302763,0.9994899955,0.918302834
2023-12-17,CHI,2023,20,0,0.032576368,0.0,0.1121294205,0.0467746407,0.0257516719,0.0680711211,0.0644866377
2023-12-24,CHI,2023,16,1,0.9965031952,1.0,0.988630618,0.9944526553,0.9995626122,0.99762679,0.918253243
2023-12-31,CHI,2023,17,1,0.9996254635,1.0,0.984930188,0.9978904128,0.9999946172,0.9996850708,0.9183077216
2023-01-07,CHI,2023,17,0,0.2388839321,0.0,0.2872321429,0.3444753289,0.072197444,0.0974761418,0.0866434947
2023-09-10,CIN,2023,24,0,0.0010734939,0.0,0.0513423484,0.0060195918,0.0002359958,0.0010449588,0.064193204
2023-09-17,CIN,2023,27,0,0.0211075051,0.0,0.18620167,0.0257895533,0.0093777531,0.0214433209,0.0652852878
2023-09-25,CIN,2023,16,1,0.7402411914,1.0,0.6390396382,0.670165658,0.9542772489,0.632399606,0.8765749335
2023-10-01,CIN,2023,27,0,0.0003403885,0.0,0.0468269231,0.0042222207,0.0005242641,0.0005009644,0.0642847717
2023-10-08,CIN,2023,20,1,0.8282470908,1.0,0.7774409755,0.9723240137,0.9946295359,0.9919266027,0.9128755927
2023-10-15,CIN,2023,13,1,0.6738338501,1.0,0.7192824968,0.9491238594,0.9840450605,0.9792064812,0.8497486115
2023-10-29,CIN,2023,17,1,0.9902048394,1.0,0.9898122066,0.9975645542,0.999964362,0.9982248003,0.9519770145
2023-11-05,CIN,2023,18,1,0.9897845173,1.0,0.962552719,0.9863911867,0.9989296086,0.9982604314,0.9519919157
2023-11-12,CIN,2023,30,0,0.0326791545,1.0,0.2504735925,0.2286583483,0.1132597019,0.085225348,0.1058613062
2023-11-16,CIN,2023,34,0,0.0016802252,0.0,0.0554591455,0.0217749383,0.0024719734,0.0028499908,0.0642900467
2023-11-26,CIN,2023,16,0,0.162056481,0.0,0.3753494001,0.2415380776,0.0734292141,0.3036893431,0.1216315404
2023-12-04,CIN,2023,31,1,0.3303899964,1.0,0.6276259151,0.4303390682,0.8669981,0.4601119503,0.5700628161
2023-12-10,CIN,2023,14,1,0.9999577774,1.0,0.8687878788,0.9997012019,0.9999987681,0.9998616242,0.9520130754
2023-12-16,CIN,2023,24,1,0.4085450629,1.0,0.6072607023,0.9138249755,0.8889318417,0.8541402156,0.6105876565
2023-12-23,CIN,2023,34,0,0.0002272066,0.0,0.0519200485,0.0101483585,0.000765595,0.0002632922,0.0642846078
2023-12-31,CIN,2023,25,0,0.1582304269,1.0,0.1474438245,0.0520518571,0.0787577615,0.2219914797,0.0926544741
2023-01-07,CIN,2023,14,1,0.9988230462,1.0,0.9036290323,0.9990498424,0.9999947369,0.9998149517,0.9183055162
2023-09-10,CLE,2023,3,1,0.9996309615,1.0,0.7816901408,0.9984369874,0.9999885067,0.9997931286,0.9183073044
2023-09-18,CLE,2023,26,0,0.040385736,0.0,0.1067355481,0.0143887242,0.0115396994,0.0133361778,0.065202944
2023-09-24,CLE,2023,3,1,0.9999824337,1.0,0.9958836351,0.9996650219,0.9999999596,0.9999468887,0.9520085454
2023-10-01,CLE,2023,28,0,7.03408e-05,0.0,0.0083333333,0.0084352354,0.0015823015,0.0005662839,0.0590600409
2023-10-15,CLE,2023,17,1,0.4573785563,0.8571428571,0.3992550978,0.467661649,0.7413488202,0.3593038707,0.1855292022
2023-10-22,CLE,2023,38,1,0.0024012821,0.0,0.2390162602,0.0128437625,0.0024189099,0.0091366529,0.0642874464
2023-10-29,CLE,2023,24,0,0.6318835234,0.0,0.1454564787,0.3921391666,0.6661314181,0.3969427234,0.4418380857
2023-11-05,CLE,2023,0,1,0.9999982414,1.0,0.9763818033,0.9993655086,0.9999994081,0.9999719843,0.920475781
2023-11-12,CLE,2023,31,1,0.0185030484,0.0,0.0397990279,0.0139659438,0.0078705914,0.00853424,0.0648127571
2023-11-19,CLE,2023,10,1,0.8979399511,1.0,0.7853165145,0.9920101166,0.9990573384,0.9549434369,0.9092009664
2023-11-26,CLE,2023,29,0,0.0012828518,0.0,0.0035087719,0.0007622424,7.61837e-05,0.0030751706,0.0642895401
2023-12-03,CLE,2023,36,0,0.0025894265,0.0,0.2137059935,0.0117923366,0.010194167,0.0013684557,0.0642949492
2023-12-10,CLE,2023,27,1,0.7471428122,0.0,0.4372983203,0.8567193747,0.957877296,0.9756378961,0.8069463372
2023-12-17,CLE,2023,17,1,0.4520920403,1.0,0.2616076123,0.8037434816,0.8297956547,0.7274417662,0.3253645599
2023-12-24,CLE,2023,22,1,0.9946583792,1.0,0.8840178571,0.9653459191,0.9966962878,0.9967254981,0.951992631
2023-12-28,CLE,2023,20,1,0.9983816851,1.0,0.9995305164,0.9975633621,0.9998375307,0.9990167307,0.9520089626
2023-01-07,CLE,2023,31,0,0.0021754874,0.0,0.003169718,0.0037408771,0.0012359283,0.0011953574,0.0642851219
2023-01-13,CLE,2023,45,0,1.03707e-05,0.0,0.1243054051,0.0020714446,1.19778e-05,4.17059e-05,0.0642843395
2023-09-10,DAL,2023,0,1,0.9999918035,1.0,0.8827811448,0.9986017346,0.9999994725,0.9999540529,0.9194023013
2023-09-17,DAL,2023,10,1,0.9981766736,1.0,0.9753408649,0.9983584285,0.9999725344,0.9989258238,0.9183070064
2023-09-24,DAL,2023,28,0,0.0156681955,0.0,0.1164366325,0.0159054883,0.0063821895,0.003321321,0.0646956116
2023-10-01,DAL,2023,3,1,0.9993671918,1.0,0.9809832429,0.9980750084,0.9999975678,0.9997564767,0.9520125389
2023-10-08,DAL,2023,42,0,8.801e-07,0.0,0.0115548248,0.0009690782,3.14636e-05,9.43462e-05,0.0642843395
2023-10-16,DAL,2023,17,1,0.8924884945,1.0,0.9086587942,0.900100708,0.9102915887,0.9624238476,0.947042644
2023-10-29,DAL,2023,20,1,0.9928116597,1.0,0.8783549784,0.99469769,0.9998183306,0.9990426535,0.9518338442
2023-11-05,DAL,2023,28,0,0.1006875424,0.0,0.3665819066,0.2720635533,0.3435599473,0.5117283792,0.1352197081
2023-11-12,DAL,2023,17,1,0.9999941391,1.0,0.8888888889,0.9993232489,0.9999994742,0.9998358576,0.9520130754
2023-11-19,DAL,2023,10,1,0.9982889396,1.0,0.9618195963,0.9993460774,0.9999956603,0.9998112048,0.9187861681
2023-11-23,DAL,2023,10,1,0.9999887795,1.0,0.8785714286,0.9993811846,0.9999996488,0.9999288448,0.9520136118
2023-11-30,DAL,2023,35,1,0.159471023,0.8333333333,0.3508859884,0.2758722305,0.4805052112,0.6018632268,0.2145782709
2023-12-10,DAL,2023,13,1,0.9987252114,1.0,0.9916314578,0.9988747239,0.9999826671,0.9995615934,0.9183077216
2023-12-17,DAL,2023,31,0,0.0001517753,0.0,0.0475328783,0.0021426354,0.0008622225,0.0006964587,0.0642844215
2023-12-24,DAL,2023,22,0,0.6541184896,0.8571428571,0.5457347788,0.6726254225,0.8511538801,0.7876702953,0.8658546805
2023-12-30,DAL,2023,19,1,0.6519513082,1.0,0.4374228387,0.6147312522,0.5816288161,0.8027231087,0.8891085982
2023-01-07,DAL,2023,10,1,0.99991615,1.0,0.9946428571,0.999417305,0.9999999688,0.9998734166,0.9520130754
2023-01-14,DAL,2023,48,0,2.3346e-05,0.0,0.0818208874,0.0464740023,0.0001446428,0.0005768013,0.064360939
2023-09-10,DEN,2023,17,0,0.6501745148,0.4285714286,0.8856896001,0.8921738863,0.912705263,0.7441584373,0.8996078968
2023-09-17,DEN,2023,35,0,0.0581559585,0.0,0.2342691622,0.2886816263,0.2741457301,0.2654746887,0.0662657619
2023-09-24,DEN,2023,70,0,4e-10,0.0,0.0304008064,0.0052677416,1.50576e-05,2.28615e-05,0.0642843395
2023-10-01,DEN,2023,28,1,0.4962344774,0.0,0.7290518931,0.6572836041,0.6987907831,0.6145682698,0.8610319495
2023-10-08,DEN,2023,31,0,0.0049576374,0.0,0.1676826808,0.0411096811,0.017500566,0.0046907002,0.0643280447
2023-10-12,DEN,2023,19,0,0.0029610384,0.0,0.0002932551,0.0053614243,0.0004875654,0.0012543738,0.064285025
2023-10-22,DEN,2023,17,1,0.6444497818,1.0,0.7217051315,0.6667529941,0.7069166643,0.4366202766,0.8453419805
2023-10-29,DEN,2023,9,1,0.9994604294,1.0,0.8674450549,0.9978252649,0.9999797952,0.9995700188,0.9183082581
2023-11-13,DEN,2023,22,1,0.4226233228,0.4285714286,0.6239377289,0.8162562847,0.9567149168,0.5807926673,0.7577070594
2023-11-19,DEN,2023,20,1,0.0628700169,0.0,0.3771464646,0.0546577275,0.013393877,0.0793584698,0.1221634671
2023-11-26,DEN,2023,12,1,0.9996776233,1.0,0.9972733563,0.9978233576,0.9998682891,0.9998236726,0.9183081388
2023-12-03,DEN,2023,22,0,0.1265554439,0.0,0.1002010606,0.118984364,0.057642513,0.3153320586,0.0659708157
2023-12-10,DEN,2023,7,1,0.9996984535,1.0,0.9683925354,0.9994953871,0.9999936354,0.9999075875,0.9183166623
2023-12-16,DEN,2023,42,0,0.0005168193,0.0,0.0554268931,0.0150208706,0.0017629919,0.0005545938,0.0642849579
2023-12-24,DEN,2023,26,0,0.1319303695,0.0,0.1616152355,0.1096179932,0.0340388475,0.0715562136,0.0712317079
2023-12-31,DEN,2023,9,1,0.9915261477,1.0,0.9371953511,0.9905187488,0.9918127309,0.9907632829,0.9182310104
2023-01-07,DEN,2023,27,0,0.0320768409,0.0,0.0172786562,0.0030203364,0.0011608942,0.0032967925,0.0646250919
2023-09-07,DET,2023,20,1,0.842628893,0.875,0.451339239,0.2672124207,0.033715476,0.2215122364,0.8926698565
2023-09-17,DET,2023,37,0,0.0645889552,0.5,0.4234598617,0.154471457,0.1583265502,0.1916886783,0.1335297823
2023-09-24,DET,2023,6,1,0.9994432885,1.0,0.9867709815,0.9985768795,0.9999784577,0.9997632913,0.9505446553
2023-09-28,DET,2023,20,1,0.9977579715,1.0,0.8967518428,0.997572124,0.9999180416,0.9991457207,0.9182944894
2023-10-08,DET,2023,24,1,0.9996503206,1.0,0.7967963336,0.9976039529,0.9999549316,0.9993012575,0.9204148054
2023-10-15,DET,2023,6,1,0.998878244,1.0,0.9668625147,0.997651875,0.9999985344,0.9991526966,0.9520124197
2023-10-22,DET,2023,38,0,8.0608e-06,0.0,0.0073245051,0.0002695046,1.1736e-06,4.95453e-05,0.0642843395
2023-10-30,DET,2023,14,1,0.9943157068,1.0,0.9937258687,0.9958212376,0.9999124095,0.9913558632,0.9182879329
2023-11-12,DET,2023,38,1,0.8301807034,1.0,0.5260423653,0.5253182054,0.5437390535,0.8973526122,0.9433308244
2023-11-19,DET,2023,26,1,0.0777019953,0.0,0.2574645802,0.2004776299,0.5310234985,0.0826325631,0.1111953408
2023-11-23,DET,2023,29,0,0.0967735786,0.4,0.3694665508,0.058266867,0.0035971354,0.0166000284,0.1251222193
2023-12-03,DET,2023,28,1,0.9643278177,0.5,0.9010933216,0.9620266557,0.9794638749,0.9829403945,0.9171310663
2023-12-10,DET,2023,28,0,0.0018326028,0.0,0.0059284375,0.0012261104,8.82725e-05,0.0006425489,0.0642868802
2023-12-16,DET,2023,17,1,0.9998457289,1.0,0.9923972406,0.9987108707,0.9999955094,0.9997874954,0.9520129561
2023-12-24,DET,2023,24,1,0.9807035021,1.0,0.845288659,0.9912541509,0.9998076227,0.9942796881,0.9182040095
2023-12-30,DET,2023,20,0,0.8145372252,1.0,0.5884319623,0.4305214882,0.4759049847,0.8038092024,0.8680976629
2023-01-07,DET,2023,20,1,0.9944001784,1.0,0.9731022499,0.991322875,0.9961449669,0.9984563512,0.9519882202
2023-01-14,DET,2023,23,1,0.9128835372,1.0,0.8515530303,0.9569029212,0.975402851,0.973100316,0.9497100115
2023-01-21,DET,2023,23,1,0.9262268941,1.0,0.795788858,0.9831716418,0.9959601612,0.9966389793,0.9357606769
2023-01-28,DET,2023,34,0,0.1307168325,0.0,0.2296281271,0.1523612589,0.1397137314,0.2659218103,0.0794247538
2023-09-10,GNB,2023,20,1,0.9995501969,1.0,0.9019285714,0.9976087809,0.9996962645,0.9996161342,0.9519415498
2023-09-17,GNB,2023,25,0,0.790572701,0.0,0.7044940722,0.8540366888,0.9547615922,0.9214211878,0.9064441919
2023-09-24,GNB,2023,17,1,0.9247080363,1.0,0.5502789427,0.7059166431,0.8414784872,0.9583000396,0.9137205482
2023-09-28,GNB,2023,34,0,9.28775e-05,0.0,0.0858333333,0.007580806,0.0013227819,0.0015102712,0.0642843768
2023-10-09,GNB,2023,17,0,0.1425860394,0.0,0.2445743658,0.3715904951,0.0417518091,0.1798306925,0.0674238205
2023-10-22,GNB,2023,19,0,0.7995970394,0.0,0.7189511271,0.45192343,0.7163520976,0.5703265004,0.9007524848
2023-10-29,GNB,2023,24,0,0.0030306692,0.0,0.0349315407,0.0086832801,0.0054730329,0.0045343118,0.0643001571
2023-11-05,GNB,2023,3,1,0.9998987404,1.0,0.9994047619,0.9977497458,0.9999943376,0.9997186443,0.9223890305
2023-11-12,GNB,2023,23,0,0.3248292685,0.0,0.3573459949,0.1322009861,0.1360262055,0.1919890124,0.125302121
2023-11-19,GNB,2023,20,1,0.901061509,1.0,0.9470573784,0.8540831208,0.888804815,0.9330068906,0.9487168193
2023-11-23,GNB,2023,22,1,0.9450100807,0.6666666667,0.9785410115,0.8781810999,0.9539699621,0.9008671752,0.9509989023
2023-12-03,GNB,2023,19,1,0.9617125171,1.0,0.9986595174,0.9896036386,0.9979950876,0.9945755537,0.9517714381
2023-12-11,GNB,2023,24,0,0.1431302495,0.0,0.1727496843,0.2103072554,0.3144203142,0.1219977738,0.0868721455
2023-12-17,GNB,2023,34,0,0.0045600869,0.0,0.3345184871,0.0616540015,0.0134887663,0.0047667472,0.0643896088
2023-12-24,GNB,2023,30,1,0.8866858426,0.0,0.4182080611,0.850189507,0.7041794036,0.928348815,0.9114795327
2023-12-31,GNB,2023,10,1,0.9999895054,1.0,0.9951383907,0.9998087287,0.9999999717,0.9999260224,0.9520130754
2023-01-07,GNB,2023,9,1,0.9979396177,1.0,0.8888888889,0.9962624907,0.9997675655,0.9944430536,0.9520113468
2023-01-14,GNB,2023,32,1,0.9996958565,1.0,0.8550092764,0.980130434,0.9906370727,0.9904909848,0.9520128369
2023-01-20,GNB,2023,24,0,0.197212144,0.4285714286,0.4186391222,0.0853551105,0.2755908601,0.0632774008,0.1136235222
2023-09-10,HTX,2023,25,0,0.0006255788,0.0,0.0272587719,0.0029091737,0.0002703587,0.0007300104,0.0642867535
2023-09-17,HTX,2023,31,0,0.0091668044,0.0,0.2590118856,0.0864973292,0.0550386942,0.0110509943,0.0644933954
2023-09-24,HTX,2023,17,1,0.997443484,1.0,0.9581233858,0.9979755282,0.9991241363,0.9982421368,0.9520081282
2023-10-01,HTX,2023,6,1,0.9999966244,1.0,0.9932768362,0.999273479,0.999999945,0.9999387215,0.9520130754
2023-10-08,HTX,2023,21,0,0.2130117857,0.0,0.1844281238,0.1847789139,0.0819302741,0.0978936472,0.1481091678
2023-10-15,HTX,2023,13,1,0.9896249255,1.0,0.871122914,0.9779621363,0.9984232384,0.9959399039,0.9179227948
2023-10-29,HTX,2023,15,0,0.9017703201,1.0,0.792777982,0.4847857654,0.4531075281,0.5938249086,0.9027600288
2023-11-05,HTX,2023,37,1,0.2527752145,1.0,0.5021278721,0.8425770998,0.5117752073,0.8704190437,0.2432813048
2023-11-12,HTX,2023,27,1,0.7277267238,1.0,0.6206655528,0.564326942,0.8435668326,0.6993339252,0.8632409573
2023-11-19,HTX,2023,16,1,0.8746790259,1.0,0.5267990074,0.8473687172,0.9489732199,0.7136167913,0.9442828894
2023-11-26,HTX,2023,24,0,0.2817841196,0.0,0.5212293099,0.2366575748,0.3606979831,0.0883907528,0.1842894703
2023-12-03,HTX,2023,17,1,0.9839140192,1.0,0.9304147465,0.94165802,0.9945014209,0.9829624987,0.9177276492
2023-12-10,HTX,2023,30,0,0.0002526418,0.0,0.0012987013,0.0028332758,5.8241e-06,0.0003393684,0.0614433959
2023-12-17,HTX,2023,16,1,0.606801966,0.0,0.4918281816,0.5171627998,0.6462290796,0.6603355985,0.6955158114
2023-12-24,HTX,2023,36,0,8.20933e-05,0.0,0.0094388504,0.0008071674,0.0001347686,0.0001546731,0.0642843768
2023-12-31,HTX,2023,3,1,0.9987402279,1.0,0.9468934549,0.9961259961,0.9998831522,0.9994048755,0.9378896356
2023-01-06,HTX,2023,19,1,0.9921359033,1.0,0.9160093897,0.9924904704,0.9973396538,0.9938626895,0.951977551
2023-01-13,HTX,2023,14,1,0.9999812227,1.0,0.9875,0.9979516864,0.9999965189,0.9997267754,0.9520130754
2023-01-20,HTX,2023,34,0,5.85598e-05,0.0,0.0292606833,0.0055709998,0.000961438,0.0001408302,0.0642843768
2023-09-10,CLT,2023,31,0,0.0011967115,0.0,0.0135355626,0.0018716869,0.0004653516,0.0007372051,0.0642875805
2023-09-17,CLT,2023,20,1,0.9744759723,1.0,0.8847914456,0.9800602198,0.9995484677,0.9966474196,0.9517375231
2023-09-24,CLT,2023,19,1,0.1678481005,0.75,0.5400907289,0.219428882,0.5639062246,0.2763562223,0.0911335349
2023-10-01,CLT,2023,29,0,0.6722787512,0.0,0.1672331361,0.1571787745,0.1125541967,0.0625136709,0.714691937
2023-10-08,CLT,2023,16,1,0.9897215174,1.0,0.9824599569,0.9912788272,0.9989631986,0.9639513987,0.951683104
2023-10-15,CLT,2023,37,0,0.0003076222,0.0,0.0048821503,0.0039540925,0.0010673609,0.0007536521,0.0642854869
2023-10-22,CLT,2023,39,0,0.8773234476,1.0,0.6357539683,0.7142294049,0.6860616556,0.4871254901,0.8154613972
2023-10-29,CLT,2023,38,0,0.0026617651,0.0,0.0647408016,0.0190471932,0.0123647074,0.0037403374,0.0642929301
2023-11-05,CLT,2023,13,1,0.8494984567,1.0,0.8978728378,0.7545098662,0.7002653864,0.9396277559,0.9118192792
2023-11-12,CLT,2023,6,1,0.9828280358,1.0,0.5323507767,0.9756566286,0.9684317597,0.9651314918,0.9515634775
2023-11-26,CLT,2023,20,1,0.9104167093,1.0,0.5177750182,0.5680514574,0.9158588008,0.9628183708,0.9132095575
2023-12-03,CLT,2023,28,1,0.0376832775,0.0,0.2249836022,0.2420136333,0.242004508,0.136832195,0.1070372537
2023-12-10,CLT,2023,34,0,9.09895e-05,0.0,0.0936592763,0.0008574585,1.66663e-05,9.39306e-05,0.0642844066
2023-12-16,CLT,2023,13,1,0.9993857779,1.0,0.9133333333,0.9979934692,0.9998900812,0.9994850875,0.9183155894
2023-12-24,CLT,2023,29,0,0.0012167486,0.0,0.059563463,0.0043629105,0.0037859554,0.0019829346,0.0642878488
2023-12-31,CLT,2023,20,1,0.9663936127,1.0,0.8211219336,0.9085277319,0.8895822985,0.9083426019,0.9513263106
2023-01-06,CLT,2023,23,0,0.2117583492,0.0,0.257545352,0.0432090834,0.0119946763,0.0390037073,0.0783544332
2023-09-10,JAX,2023,21,1,0.9844437924,1.0,0.8730983244,0.9944637418,0.9985028908,0.9992208971,0.9181634784
2023-09-17,JAX,2023,17,0,0.0277162407,0.0,0.0688791137,0.0262461659,0.0120341594,0.0132083695,0.0651402548
2023-09-24,JAX,2023,37,0,0.0020051878,0.0,0.1359924238,0.0043123616,0.0007345468,0.0002950631,0.0642971769
2023-10-01,JAX,2023,7,1,0.9920418454,1.0,0.9632873111,0.9891324639,0.9970630645,0.9977882865,0.9185328484
2023-10-08,JAX,2023,20,1,0.9714872062,1.0,0.9608772727,0.9751247168,0.9728220256,0.9846022253,0.9174035788
2023-10-15,JAX,2023,20,1,0.9540723683,1.0,0.6795728716,0.9943149686,0.9974248189,0.998624593,0.9172328711
2023-10-19,JAX,2023,24,1,0.6885310851,1.0,0.6714602166,0.681622982,0.7230117213,0.9057231347,0.9050247073
2023-10-29,JAX,2023,10,1,0.9682270085,1.0,0.989608637,0.9129985571,0.9607621566,0.9394364718,0.9510774612
2023-11-12,JAX,2023,34,0,6.3073e-06,0.0,0.0002932551,0.0031247744,0.0002609502,9.28626e-05,0.0642843395
2023-11-19,JAX,2023,14,1,0.9999104994,1.0,0.9962278387,0.9996619225,0.9999992685,0.9999315836,0.9490967989
2023-11-26,JAX,2023,21,1,0.9430983074,1.0,0.83335369,0.8215324879,0.9832630562,0.7703661586,0.9507120848
2023-12-04,JAX,2023,34,0,0.1062385357,1.0,0.4688795518,0.5918889642,0.3972062461,0.2219249771,0.0857411921
2023-12-10,JAX,2023,31,0,0.012767797,0.0,0.0291535984,0.0125473542,0.0741388062,0.0233259597,0.0643794015
2023-12-17,JAX,2023,23,0,0.029383009,0.0,0.0350357836,0.0088092685,0.0005236549,0.0026431068,0.1067228094
2023-12-24,JAX,2023,30,0,0.0005253464,0.0,0.0694629593,0.0014861121,1.9225e-05,0.0004512823,0.101872094
2023-12-31,JAX,2023,0,1,0.9999581225,1.0,0.9660142285,0.9992949963,0.9999937808,0.9999195677,0.9183086157
2023-01-07,JAX,2023,28,0,0.0547970882,0.0,0.0996470907,0.0581120029,0.0353534328,0.0330170946,0.0722551644
2023-09-07,KAN,2023,21,0,0.4704451194,0.1111111111,0.3369855962,0.4308160841,0.6528058227,0.5690632661,0.348872304
2023-09-17,KAN,2023,9,1,0.993396031,1.0,0.943963964,0.998065412,0.9998995414,0.9989506294,0.9519929886
2023-09-24,KAN,2023,10,1,0.9999882707,1.0,0.983534032,0.9998269677,0.9999999989,0.9999455972,0.9520130754
2023-10-01,KAN,2023,20,1,0.7155122773,1.0,0.5155273697,0.568600893,0.6937448591,0.5462796501,0.7753561139
2023-10-08,KAN,2023,20,1,0.8698030279,1.0,0.9124089827,0.9864199758,0.9944611638,0.9889818252,0.9496490359
2023-10-12,KAN,2023,8,1,0.9834073797,1.0,0.9313546125,0.990676403,0.9990099396,0.9941114255,0.9518789053
2023-10-22,KAN,2023,17,1,0.9964445337,1.0,0.9545454545,0.9985234141,0.9999775837,0.9991909117,0.9520072341
2023-10-29,KAN,2023,24,0,0.000814388,0.0,0.0045236652,0.0049602939,0.0001303446,0.0006538756,0.0642867088
2023-11-05,KAN,2023,14,1,0.9430980553,1.0,0.8905299397,0.9718692899,0.96866721,0.8207751718,0.9156646729
2023-11-20,KAN,2023,21,0,0.3638368535,0.7777777778,0.456278708,0.2750140131,0.2082894727,0.4052960381,0.1876906157
2023-11-26,KAN,2023,17,1,0.9980259625,1.0,0.994073669,0.9984112978,0.9999765306,0.9997064992,0.9520111084
2023-12-03,KAN,2023,27,0,0.0469075251,0.0,0.0785090401,0.0196107794,0.0366205102,0.0226596822,0.0668090582
2023-12-10,KAN,2023,20,0,0.3180412988,1.0,0.623772699,0.5216007233,0.4228528265,0.367825542,0.2753426731
2023-12-17,KAN,2023,17,1,0.8959930615,1.0,0.9247972973,0.9801735878,0.9967666437,0.9873568091,0.9493341446
2023-12-25,KAN,2023,20,0,0.3094497284,0.0,0.3803823661,0.0627685487,0.0171942258,0.0959758873,0.2057591826
2023-12-31,KAN,2023,17,1,0.628966205,1.0,0.7186176279,0.6597869396,0.7798108333,0.5315148661,0.9180582166
2023-01-07,KAN,2023,12,1,0.4327799867,1.0,0.671672175,0.5319896936,0.7279114202,0.2614548609,0.1349342912
2023-01-13,KAN,2023,7,1,0.999616009,1.0,0.9622414057,0.9993739724,0.9999850371,0.9996985746,0.9445843697
2023-01-21,KAN,2023,24,1,0.9527557367,0.0,0.6884125189,0.9570857882,0.982737521,0.9554503656,0.9516481161
2023-01-28,KAN,2023,10,1,0.9942125531,1.0,0.9069677377,0.9933738708,0.9993525224,0.9988958962,0.9182898402
2023-02-11,KAN,2023,22,1,0.3256691956,0.8571428571,0.6837765993,0.5639133453,0.3755152657,0.5628858581,0.4552133083
2023-09-10,SDG,2023,36,0,0.1209694475,1.0,0.3281609195,0.2580099106,0.1148197951,0.1562874615,0.0784072652
2023-09-17,SDG,2023,27,0,0.0369852904,0.0,0.2976960205,0.0945858285,0.0407970174,0.1423158258,0.1067251936
2023-09-24,SDG,2023,24,1,0.3797654568,1.0,0.7943870432,0.9922304749,0.9934673227,0.8363026595,0.5050066113
2023-10-01,SDG,2023,17,1,0.9795218115,1.0,0.6731450665,0.9743132591,0.9971552065,0.9973304524,0.9171333909
2023-10-16,SDG,2023,20,0,0.6181045616,0.7777777778,0.5773693015,0.2478891909,0.4924741979,0.8432779744,0.7911729813
2023-10-22,SDG,2023,31,0,0.0061543874,0.0,0.0510432791,0.0469579212,0.0307265425,0.0057887755,0.0642917678
2023-10-29,SDG,2023,13,1,0.9963706126,1.0,0.9986595174,0.9988611937,0.9999941833,0.9995141893,0.9520111084
2023-11-06,SDG,2023,6,1,0.9801246923,1.0,0.8443771044,0.9906511307,0.9991630215,0.9972560015,0.917361021
2023-11-12,SDG,2023,41,0,0.0922404496,0.5,0.4268774441,0.3637477756,0.6855104035,0.3620734236,0.1323169321
2023-11-19,SDG,2023,23,0,0.4181165633,0.0,0.4293155414,0.2378763258,0.4964489447,0.2817827872,0.3123253584
2023-11-26,SDG,2023,20,0,0.0202695502,0.0,0.2680456361,0.0258408058,0.0134685613,0.0262130741,0.0652478635
2023-12-03,SDG,2023,0,1,0.9940184287,1.0,0.7643345543,0.9296916723,0.8509940292,0.9917364429,0.951951623
2023-12-10,SDG,2023,24,0,0.0036858291,0.0,0.014177377,0.0037054427,3.59404e-05,0.0023191065,0.0642901883
2023-12-14,SDG,2023,63,0,1.192e-07,0.0,0.1394619775,0.0046455045,0.000146859,2.51697e-05,0.0642843395
2023-12-23,SDG,2023,24,0,0.0285009917,0.8,0.3451065717,0.1811254621,0.0575050007,0.0221066153,0.0653488636
2023-12-31,SDG,2023,16,0,0.0828029942,0.0,0.2043406593,0.0621369295,0.0584245862,0.0186214397,0.0735479519
2023-01-07,SDG,2023,13,0,0.312114281,0.0,0.3688772959,0.1311116219,0.0508812884,0.1634709713,0.2477637082
2023-09-10,RAM,2023,13,1,0.9999085922,1.0,0.9089569167,0.9980688691,0.9999870903,0.9988348128,0.951382637
2023-09-17,RAM,2023,30,0,0.0174619926,0.0,0.0529373318,0.011785171,0.0118934291,0.007915099,0.0653809905
2023-09-25,RAM,2023,19,0,0.0286862166,0.0,0.1876537714,0.0490876436,0.0156352496,0.082546349,0.0643748492
2023-10-01,RAM,2023,23,1,0.9544256955,1.0,0.6873953237,0.9171020985,0.985880469,0.8723926784,0.9172728658
2023-10-08,RAM,2023,23,0,0.0347444217,0.0,0.0756824997,0.0206543058,0.0095047659,0.0101331989,0.0660744235
2023-10-15,RAM,2023,9,1,0.9993321135,1.0,0.8869216924,0.9973816276,0.9998907688,0.9992737076,0.9495722055
2023-10-22,RAM,2023,24,0,0.5746007004,0.0,0.4549206567,0.0720497072,0.0189766266,0.0331724209,0.2319685072
2023-10-29,RAM,2023,43,0,3.60143e-05,0.0,0.082041847,0.001764007,5.8369e-06,0.0001898863,0.0642843544
2023-11-05,RAM,2023,20,0,0.0098620465,0.0,0.0477990431,0.010017802,0.0026637605,0.0018962657,0.0643253326
2023-11-19,RAM,2023,16,1,0.8999903555,1.0,0.4104610329,0.7950710058,0.9623607904,0.9776033655,0.9073888063
2023-11-26,RAM,2023,14,1,0.9999215576,1.0,0.9663333333,0.9993102551,0.9999986314,0.9998353395,0.9297510386
2023-12-03,RAM,2023,19,1,0.9926502926,1.0,0.9232876712,0.9928441644,0.9996200167,0.9988357609,0.9519575238
2023-12-10,RAM,2023,37,0,0.0293986977,0.25,0.2078393484,0.0954607427,0.0063715352,0.0677490081,0.0649442449
2023-12-17,RAM,2023,20,1,0.9701122889,1.0,0.9753426662,0.9887259603,0.9935429854,0.9777557414,0.9179860353
2023-12-21,RAM,2023,22,1,0.9873852986,0.6666666667,0.9577145846,0.9819476604,0.995560681,0.9896445307,0.9519630671
2023-12-31,RAM,2023,25,1,0.6433049296,0.5,0.2322279236,0.3004531264,0.9708139801,0.5119226929,0.3335202932
2023-01-07,RAM,2023,20,1,0.9216407395,1.0,0.7626180559,0.8197845817,0.9106725184,0.7704183805,0.9161589742
2023-01-14,RAM,2023,24,0,0.6431348961,1.0,0.8352762739,0.7569229603,0.7652905885,0.558909553,0.9112705588
2023-09-10,RAI,2023,16,1,0.9545993615,1.0,0.8986507937,0.9830183983,0.9951128402,0.982523914,0.9515690207
2023-09-17,RAI,2023,38,0,2.835e-05,0.0,0.0541727941,0.0041791769,0.0013230547,0.0002242958,0.0642843395
2023-09-24,RAI,2023,23,0,0.049523801,0.0,0.0728980926,0.0320282057,0.03100405,0.1096788569,0.0659003928
2023-10-01,RAI,2023,24,0,0.0495812603,0.0,0.2918841725,0.163645491,0.0443893093,0.2275801596,0.0662412643
2023-10-09,RAI,2023,13,1,0.917587678,1.0,0.9466666667,0.7731596828,0.8958661598,0.9450248682,0.9140351415
2023-10-15,RAI,2023,17,1,0.8881026226,0.625,0.8118663231,0.6113887429,0.8397507556,0.7157078506,0.9130823612
2023-10-22,RAI,2023,30,0,0.0002912525,0.0,0.0408325331,0.003714622,0.0011789191,0.0007842678,0.0642851889
2023-10-30,RAI,2023,26,0,0.0003491126,0.0,0.022253265,0.0054575019,0.0005113357,0.0009239518,0.0642841756
2023-11-05,RAI,2023,6,1,0.9999689503,1.0,0.9815821001,0.999417901,0.9999989949,0.9999276284,0.9520110488
2023-11-12,RAI,2023,12,1,0.8001707016,0.5714285714,0.7863791258,0.7965021729,0.8565731903,0.9139694153,0.8590384722
2023-11-19,RAI,2023,20,0,0.0422959612,0.3333333333,0.0972273985,0.0516767018,0.0377004713,0.0439367753,0.0651840717
2023-11-26,RAI,2023,31,0,0.0313040581,0.0,0.1854465302,0.0280089024,0.006518843,0.0021031991,0.0651280582
2023-12-10,RAI,2023,3,0,0.6681706746,0.0,0.3361111111,0.5151366591,0.0522248103,0.3038514591,0.5623819232
2023-12-14,RAI,2023,21,1,0.9998523072,1.0,0.9852448021,0.9984742999,0.9999926941,0.9998032991,0.9520116448
2023-12-25,RAI,2023,14,1,0.1693443122,0.0,0.1828461538,0.1578950435,0.0468716004,0.0917330068,0.0687935576
2023-12-31,RAI,2023,23,0,0.308896056,1.0,0.3445791605,0.3552893996,0.2062009167,0.5497952958,0.2339646816
2023-01-07,RAI,2023,14,1,0.9965696003,1.0,0.9927110799,0.997939527,0.9999173697,0.9994456741,0.9418377876
2023-09-10,MIA,2023,34,1,0.2859789655,1.0,0.5353045462,0.6438263655,0.3765771168,0.4473207466,0.3086039424
2023-09-17,MIA,2023,17,1,0.9852714848,1.0,0.8666124391,0.980832696,0.9971621102,0.9808473794,0.9449214339
2023-09-24,MIA,2023,20,1,0.999999952,1.0,0.9727272727,0.9992275238,0.9999999305,0.9999229439,0.9520130754
2023-10-01,MIA,2023,48,0,2.77528e-05,0.0,0.1925468478,0.009394343,0.0009717182,6.35882e-05,0.0642843395
2023-10-08,MIA,2023,16,1,0.9957937833,1.0,0.95,0.9981947541,0.9999925958,0.9957763917,0.9519516826
2023-10-15,MIA,2023,21,1,0.9997329975,1.0,0.9593278137,0.9963764548,0.9999570295,0.9993585604,0.9520127773
2023-10-22,MIA,2023,31,0,0.0001900451,0.0,0.0405762008,0.0084675057,0.0010210097,0.0005067326,0.0642846078
2023-10-29,MIA,2023,17,1,0.9962790253,1.0,0.8604820325,0.9985028505,0.9999882961,0.9997688952,0.95078969
2023-11-05,MIA,2023,21,0,0.3146187085,0.0,0.3938632458,0.1161603257,0.1432626798,0.049765599,0.09463799
2023-11-19,MIA,2023,13,1,0.9778815428,1.0,0.9668625147,0.9942258,0.9996342445,0.9908353086,0.9518682957
2023-11-24,MIA,2023,13,1,0.9976728181,1.0,0.9561515612,0.9960824251,0.9999311436,0.9985604021,0.9182986617
2023-12-03,MIA,2023,15,1,0.9999974732,1.0,1.0,0.9997854829,0.9999999833,0.9999242327,0.9520130754
2023-12-11,MIA,2023,28,0,0.0351552313,0.0,0.3305491015,0.2278402299,0.0084448655,0.0108382835,0.0649690032
2023-12-17,MIA,2023,0,1,0.9999892165,1.0,0.9994047619,0.999501586,0.9999999703,0.9999531316,0.9518226385
2023-12-24,MIA,2023,20,1,0.4099783921,1.0,0.3173122486,0.3154271245,0.2205539736,0.1969182038,0.6996694803
2023-12-31,MIA,2023,56,0,1.9e-07,0.0,0.0466137907,0.0019038065,6.7712e-06,4.84918e-05,0.0642843395
2023-01-07,MIA,2023,21,0,0.0627648278,0.0,0.1309983511,0.0953552201,0.024535429,0.0112956785,0.0647285059
2023-01-13,MIA,2023,26,0,0.004573942,0.0,0.042885545,0.0016924234,6.69274e-05,0.0014371485,0.0643020123
2023-09-10,MIN,2023,20,0,0.2883760342,1.0,0.5494941399,0.6734344363,0.6909297713,0.6164862331,0.3870912492
2023-09-14,MIN,2023,34,0,0.0099070843,0.0,0.3881879253,0.0568140931,0.0029435262,0.0269502037,0.1073910445
2023-09-24,MIN,2023,28,0,0.0856838269,0.0,0.129767484,0.1676178873,0.2088119936,0.3878727265,0.1118911654
2023-10-01,MIN,2023,13,1,0.8234619896,1.0,0.5397885338,0.551646173,0.1346207274,0.6844471293,0.7786952853
2023-10-08,MIN,2023,27,0,0.0213638884,0.0,0.0607973037,0.0236979593,0.0726192172,0.0541755418,0.0658340678
2023-10-15,MIN,2023,13,1,0.5447936016,0.0,0.5903824076,0.3195773959,0.1149432929,0.6303426669,0.8213654757
2023-10-23,MIN,2023,17,1,0.9079738772,1.0,0.8341244195,0.9684433937,0.9859219637,0.8773166456,0.9512703419
2023-10-29,MIN,2023,10,1,0.9996305217,1.0,0.9899111415,0.9989011288,0.9999979131,0.9993755283,0.9520110488
2023-11-05,MIN,2023,28,1,0.1965218983,0.5,0.2739754321,0.5395876169,0.5794470884,0.5422630878,0.1677261144
2023-11-12,MIN,2023,19,1,0.9863530629,1.0,0.9488695054,0.9827839136,0.9918952471,0.9920104805,0.9203317165
2023-11-19,MIN,2023,21,0,0.8048309444,1.0,0.56522117,0.7230033278,0.9172855829,0.8298451554,0.8977741003
2023-11-27,MIN,2023,12,0,0.2481546124,1.0,0.4731653376,0.2113968879,0.5326477511,0.4393982362,0.1376205683
2023-12-10,MIN,2023,0,1,0.9690943483,0.0,0.4660281385,0.6514957547,0.8663502877,0.8887216559,0.9154923558
2023-12-16,MIN,2023,27,0,0.3369119888,0.0,0.4462792134,0.4137866795,0.1926948479,0.5511253338,0.252297461
2023-12-24,MIN,2023,30,0,0.030744607,0.0,0.0515919059,0.0289792269,0.018810786,0.0985240692,0.1079715863
2023-12-31,MIN,2023,33,0,8.78167e-05,0.0,0.0668320061,0.0024817644,0.001944877,0.0004332781,0.0642843768
2023-01-07,MIN,2023,30,0,0.018968608,0.0,0.23695019,0.0224737655,0.0294321396,0.0192761277,0.0649399385
2023-09-10,NWE,2023,25,0,0.0705469133,0.8571428571,0.1799001304,0.0448860042,0.0216606595,0.0568161793,0.113386251
2023-09-17,NWE,2023,24,0,0.0252887826,0.0,0.1804585929,0.0764051601,0.1110774476,0.074561521,0.0658834055
2023-09-24,NWE,2023,10,1,0.9947380787,1.0,0.8911400232,0.9729507565,0.9899340843,0.9380243285,0.9181533456
2023-10-01,NWE,2023,38,0,4.2937e-06,0.0,0.0043902078,0.0011488666,8.9038e-06,4.59052e-05,0.0642843395
2023-10-08,NWE,2023,34,0,2.0089e-06,0.0,0.0036759221,0.0019538167,1.4906e-06,7.41826e-05,0.0642843395
2023-10-15,NWE,2023,21,0,0.1007720427,0.0,0.5820010904,0.4600273669,0.1836868124,0.1938862439,0.0751025081
2023-10-22,NWE,2023,25,1,0.6897748889,1.0,0.9329426513,0.8896123767,0.9510500049,0.9010191071,0.9349389672
2023-10-29,NWE,2023,31,0,0.0019895958,0.0,0.0325667589,0.0033896237,0.0010578231,0.0088696775,0.0642927885
2023-11-05,NWE,2023,20,0,0.2329147542,1.0,0.4533615014,0.2001856416,0.0944411848,0.4377646996,0.1163079292
2023-11-12,NWE,2023,10,0,0.3402153092,1.0,0.3591666667,0.6138194203,0.372839523,0.1069379313,0.0994071066
2023-11-26,NWE,2023,10,0,0.6865445368,1.0,0.6917032967,0.8373434544,0.8043357778,0.3694798588,0.5653600693
2023-12-03,NWE,2023,6,0,0.8451705608,0.0,0.3189393939,0.4819306433,0.2642935319,0.2057955103,0.8241763115
2023-12-07,NWE,2023,18,1,0.9557417161,1.0,0.8485042735,0.7726348639,0.8390075407,0.8763024139,0.9481098652
2023-12-17,NWE,2023,27,0,0.0073396126,0.0,0.0727457542,0.0036129204,0.0006537721,0.0093587008,0.064348869
2023-12-24,NWE,2023,23,1,0.2414031624,0.0,0.6316944269,0.3457630873,0.5574410936,0.193860546,0.1375165731
2023-12-31,NWE,2023,27,0,0.012823445,0.0,0.1679784541,0.0088658519,0.0068326932,0.0015868062,0.0643022507
2023-01-07,NWE,2023,17,0,0.0021229946,0.0,0.0,0.015413519,0.0001200455,0.0075488439,0.0590614341
2023-09-10,NOR,2023,15,1,0.5554401328,0.0,0.482545803,0.4845461249,0.4788400877,0.53186972,0.7079375386
2023-09-18,NOR,2023,17,1,0.7791959671,1.0,0.562196899,0.9010568857,0.8082819987,0.8791643495,0.8579160571
2023-09-24,NOR,2023,18,0,0.0907057848,0.0,0.2957344332,0.057548739,0.0356688679,0.0527806726,0.0688415691
2023-10-01,NOR,2023,26,0,0.0003416564,0.0,0.0020026568,0.001879342,0.0004670722,0.0006524046,0.0642853007
2023-10-08,NOR,2023,0,1,0.9999987731,1.0,0.9844544973,0.9997686744,0.999999907,0.9999750613,0.9183085561
2023-10-15,NOR,2023,20,0,0.1026691778,0.0,0.4186771802,0.0548612736,0.0298280172,0.0145318987,0.1325965822
2023-10-19,NOR,2023,31,0,0.0230344288,0.0,0.1282142954,0.0303443857,0.035226783,0.0135824257,0.0652486458
2023-10-29,NOR,2023,27,1,0.9991373238,1.0,0.9553603512,0.9925017357,0.9997424032,0.9983357042,0.9520112276
2023-11-05,NOR,2023,17,1,0.9679797353,1.0,0.9526710835,0.9827967882,0.9814799233,0.991090495,0.951700151
2023-11-12,NOR,2023,27,0,0.0048534548,0.0,0.0094845774,0.008789015,0.022120282,0.0110532958,0.0643161237
2023-11-26,NOR,2023,24,0,0.0193282716,0.0,0.2446222465,0.1279975474,0.1352659664,0.0012066482,0.0647804365
2023-12-03,NOR,2023,33,0,0.5125464352,0.0,0.3580083213,0.1379904896,0.4285425416,0.091500275,0.2068666667
2023-12-10,NOR,2023,6,1,0.997271679,1.0,0.6075959129,0.9771121144,0.9991200644,0.997667099,0.9182989597
2023-12-17,NOR,2023,6,1,0.9999402973,1.0,0.9986595174,0.9990930557,0.9999998936,0.999917996,0.9520115852
2023-12-21,NOR,2023,30,0,0.0319946523,0.0,0.396430509,0.0212746989,0.0159008189,0.0167381258,0.1096944958
2023-12-31,NOR,2023,13,1,0.9903666681,1.0,0.9656812993,0.9976165295,0.9990932016,0.9968153871,0.9182618856
2023-01-07,NOR,2023,17,1,0.9999780034,1.0,0.99375,0.999694705,0.9999999504,0.9999626841,0.9520116448
2023-09-10,NYG,2023,40,0,3.395e-07,0.0,0.0,0.0015035312,4.9764e-06,4.53348e-05,0.0590600222
2023-09-17,NYG,2023,28,1,0.6348126543,0.0,0.7107133686,0.9349896312,0.9473189993,0.901519509,0.8973436356
2023-09-21,NYG,2023,30,0,8.20212e-05,0.0,0.1203155819,0.0049722497,0.000590317,0.0007069245,0.0642843768
2023-10-02,NYG,2023,24,0,5.88259e-05,0.0,0.0473255814,0.007751124,0.0004561165,0.00174504,0.0642843768
2023-10-08,NYG,2023,31,0,0.000213503,0.0,0.2668325077,0.0117073124,0.0014091468,0.0003949726,0.0642848387
2023-10-15,NYG,2023,14,0,0.20319028,0.0,0.401300191,0.1698902845,0.0438800166,0.0732075631,0.1466655284
2023-10-22,NYG,2023,7,1,0.9986945633,1.0,0.8440692641,0.9933979511,0.9850396583,0.9921487556,0.9520038962
2023-10-29,NYG,2023,13,0,0.8538248115,1.0,0.6631840017,0.5824129581,0.8183523066,0.5015630322,0.8887140155
2023-11-05,NYG,2023,30,0,0.0001030605,0.0,0.0033744048,0.0010150215,1.12657e-05,0.0001938909,0.0642843768
2023-11-12,NYG,2023,49,0,3.671e-07,0.0,0.0496179655,0.0009991084,4.94375e-05,0.0002379356,0.0642843395
2023-11-19,NYG,2023,19,1,0.8097967885,0.0,0.922676311,0.9769980907,0.9988997178,0.9629912946,0.9351837039
2023-11-26,NYG,2023,7,1,0.9344084292,1.0,0.7401075269,0.973528266,0.9411023724,0.9798660044,0.9229963422
2023-12-11,NYG,2023,22,1,0.9409985224,1.0,0.8183273578,0.8821520805,0.9609725001,0.893876099,0.9159165621
2023-12-17,NYG,2023,24,0,0.0003328502,0.0,0.0041129648,0.0048574591,5.30691e-05,0.0019135565,0.0642847717
2023-12-25,NYG,2023,33,0,0.0065921899,0.0,0.130350709,0.0068409294,0.0045343922,0.0049441633,0.0643191263
2023-12-31,NYG,2023,26,0,0.0155099232,0.0,0.1054465358,0.0203252118,0.0052517782,0.0082406816,0.0644574836
2023-01-07,NYG,2023,10,1,0.9992271136,1.0,0.8834266206,0.998883903,0.9999935559,0.9995169306,0.9520120025
2023-09-11,NYJ,2023,16,1,0.4029005256,0.0,0.4156349824,0.5235735774,0.4281975418,0.4855312657,0.1831200272
2023-09-17,NYJ,2023,30,0,0.0001734784,0.0,0.0392569391,0.0016774955,7.82676e-05,0.0027613542,0.0642843768
2023-09-24,NYJ,2023,15,0,0.4483230567,1.0,0.3925595436,0.1465710402,0.2461816238,0.753372035,0.2363768816
2023-10-01,NYJ,2023,23,0,0.096656178,0.0,0.5332261112,0.0756209791,0.1213767518,0.0339320965,0.0728703663
2023-10-08,NYJ,2023,21,1,0.1436103115,1.0,0.5286313654,0.5477238297,0.4928524522,0.0884576742,0.0696004629
2023-10-15,NYJ,2023,14,1,0.4430308677,1.0,0.2458710407,0.0991611704,0.1970473116,0.5247509237,0.4246837795
2023-10-29,NYJ,2023,10,1,0.8579745222,1.0,0.6775659069,0.8732230663,0.9527296267,0.8402937711,0.8030369878
2023-11-06,NYJ,2023,27,0,0.0001494744,0.0,0.0812445003,0.0021234166,0.0002687238,0.0014442738,0.0642844886
2023-11-12,NYJ,2023,16,0,0.1224659623,0.0,0.2842207792,0.0570849217,0.0210301499,0.0130712097,0.0713861138
2023-11-19,NYJ,2023,32,0,1.27234e-05,0.0,0.0002932551,0.0020711895,2.45279e-05,0.0002253798,0.0642843246
2023-11-24,NYJ,2023,34,0,2.03e-06,0.0,0.0094388504,0.0010851258,2.6811e-05,8.26311e-05,0.0642843395
2023-12-03,NYJ,2023,13,0,0.2071874365,0.0,0.2467035115,0.0396957584,0.0123520142,0.1239298015,0.0833656117
2023-12-10,NYJ,2023,6,1,0.9998860923,1.0,0.9981818182,0.9996213913,0.9999998887,0.9999161078,0.9519059062
2023-12-17,NYJ,2023,30,0,7.0208e-06,0.0,0.0,0.0031091738,9.8327e-05,7.63037e-05,0.0641485676
2023-12-24,NYJ,2023,28,1,0.4561567432,0.0,0.3032841342,0.0671990216,0.0910875871,0.6113467464,0.3885319531
2023-12-28,NYJ,2023,37,0,6.91769e-05,0.0,0.0863473515,0.0020615032,0.0001481208,9.89836e-05,0.0642843768
2023-01-07,NYJ,2023,3,1,0.9991156648,1.0,0.9096666667,0.9566445947,0.9993047236,0.9965835758,0.9108883142
2023-09-10,PHI,2023,20,1,0.1111596485,0.0,0.3084744574,0.1551066935,0.1353164888,0.1088485881,0.0867585912
2023-09-14,PHI,2023,28,1,0.9047142929,1.0,0.8037379396,0.9814281464,0.99026116,0.9287779133,0.9067254066
2023-09-25,PHI,2023,11,1,0.9981502681,1.0,0.9,0.987129271,0.9981232687,0.9963498353,0.9183037281
2023-10-01,PHI,2023,31,1,0.1951236422,1.0,0.5048447374,0.5272328854,0.6253553495,0.3721490999,0.2614670098
2023-10-08,PHI,2023,14,1,0.9949434857,1.0,0.9737258687,0.9939091206,0.9958422825,0.9902468514,0.9183163047
2023-10-15,PHI,2023,20,0,0.2456908652,0.0,0.2911724606,0.0216790847,0.0077497932,0.0333568088,0.1464367807
2023-10-22,PHI,2023,17,1,0.9992625847,1.0,0.9834266206,0.9995061159,0.9999805555,0.9997653056,0.9183094501
2023-10-29,PHI,2023,31,1,0.7711199943,1.0,0.7255753979,0.9601773024,0.9871351054,0.9862993563,0.9484457374
2023-11-05,PHI,2023,23,1,0.9914026922,1.0,0.9058645025,0.9711899161,0.9210759287,0.9739835109,0.9182239771
2023-11-20,PHI,2023,17,1,0.7341914569,0.375,0.2895730719,0.5455971956,0.76870742,0.7842002393,0.281458348
2023-11-26,PHI,2023,34,1,0.4694516535,0.3333333333,0.573334442,0.7155143619,0.653095387,0.7825905005,0.4078134298
2023-12-03,PHI,2023,42,0,0.0001594426,0.0,0.1527956654,0.0067959675,0.000197317,0.0003467757,0.0642846078
2023-12-10,PHI,2023,33,0,0.0003273897,0.0,0.0503849153,0.0027289053,0.0003814164,0.0002048062,0.0643063113
2023-12-18,PHI,2023,20,0,0.6333908003,0.0,0.7003756625,0.4267377853,0.2841741187,0.5795714217,0.5098004341
2023-12-25,PHI,2023,25,1,0.8845042828,0.5,0.7907054773,0.7306081653,0.9242304071,0.8925599995,0.9113833904
2023-12-31,PHI,2023,35,0,0.0111237486,0.0,0.3720835767,0.019924175,0.0183538601,0.0314187246,0.1073965207
2023-01-07,PHI,2023,27,0,0.0009479429,0.0,0.0135574816,0.0035130919,0.0020891672,0.0014468171,0.0642855018
2023-01-15,PHI,2023,32,0,0.0004504327,0.0,0.1078369494,0.0364394635,0.0010593893,0.00121404,0.0642883405
2023-09-10,PIT,2023,30,0,2.34281e-05,0.0,0.0058298371,0.0004867101,9.43892e-05,0.0001056418,0.0642843544
2023-09-18,PIT,2023,22,1,0.0824577648,0.0,0.2135145452,0.0409065038,0.0327644021,0.0405270658,0.0652339086
2023-09-24,PIT,2023,18,1,0.9831050218,0.7777777778,0.8850341125,0.9610646963,0.9199008776,0.9754321315,0.9196632504
2023-10-01,PIT,2023,30,0,5.48334e-05,0.0,0.0229755765,0.0036804317,4.7728e-05,0.0001737567,0.0642843768
2023-10-08,PIT,2023,10,1,0.9556663373,1.0,0.8272727273,0.9129961729,0.9140493225,0.9561113175,0.9161942601
2023-10-22,PIT,2023,17,1,0.9943347581,0.7142857143,0.8549080272,0.9926782846,0.9997904501,0.9974537174,0.9333457351
2023-10-29,PIT,2023,20,0,0.0121269583,0.0,0.0537307831,0.0197094884,0.0133164238,0.0077815934,0.0643875971
2023-11-02,PIT,2023,16,1,0.9425266684,1.0,0.893190329,0.9222895503,0.9578143233,0.9680569048,0.9165966511
2023-11-12,PIT,2023,19,1,0.8762980504,0.0,0.6444408566,0.9201265574,0.8044615481,0.9109480263,0.9000792503
2023-11-19,PIT,2023,13,0,0.6016188365,0.875,0.692116206,0.7735521197,0.8088141917,0.7117271558,0.2582386732
2023-11-26,PIT,2023,10,1,0.9938096604,1.0,0.9647960265,0.9960860014,0.9989390927,0.9880908347,0.9184956551
2023-12-03,PIT,2023,24,0,0.2369968529,0.0,0.4116004086,0.1197773293,0.0281759026,0.0145156531,0.1210729107
2023-12-07,PIT,2023,21,0,0.4279849116,0.4,0.6007729567,0.5045883656,0.5427041541,0.7360677928,0.3613820076
2023-12-16,PIT,2023,30,0,0.0009858257,0.0,0.0394209602,0.0019640201,0.000528426,0.0006346227,0.0642851368
2023-12-23,PIT,2023,11,1,0.9999868424,1.0,0.9626760563,0.9996592999,0.9999976979,0.9999291627,0.9520130754
2023-12-31,PIT,2023,23,1,0.9981475682,1.0,0.8739957735,0.9837161303,0.9993674104,0.9897481519,0.918300271
2023-01-06,PIT,2023,10,1,0.9917026938,1.0,0.9946428571,0.9973512888,0.9999637831,0.9977014584,0.9182246923
2023-01-15,PIT,2023,31,0,0.0081062919,0.0,0.0638240291,0.0131095443,0.0181931175,0.0052133967,0.0643564984
2023-09-10,SEA,2023,30,0,0.0004968819,0.0,0.0827094666,0.0083980458,0.0142137794,0.001221304,0.0642853677
2023-09-17,SEA,2023,31,1,0.5226996759,1.0,0.4834110091,0.8273349404,0.6185921364,0.3842411519,0.8781574965
2023-09-24,SEA,2023,27,1,0.5293063373,0.75,0.5517355245,0.508390069,0.7452994923,0.765977095,0.6122723222
2023-10-02,SEA,2023,3,1,0.9994056437,1.0,0.7744908287,0.9871052504,0.9998917672,0.9994634574,0.9520093799
2023-10-15,SEA,2023,17,0,0.3952651298,1.0,0.6106898703,0.5458375812,0.5403866488,0.2297927459,0.3353407085
2023-10-22,SEA,2023,10,1,0.9975504411,1.0,0.9903888407,0.9976557493,0.9999632139,0.9987870652,0.9509112239
2023-10-29,SEA,2023,20,1,0.6123777191,1.0,0.6330028957,0.9157144427,0.9941177539,0.9154504126,0.6349841356
2023-11-05,SEA,2023,37,0,1.6538e-06,0.0,0.0,0.0015900696,6.94959e-05,0.0001263424,0.0642843395
2023-11-12,SEA,2023,26,1,0.1284579619,0.0,0.4802298127,0.3025726974,0.1498559702,0.1312322439,0.1352162361
2023-11-19,SEA,2023,17,0,0.4381219484,0.4285714286,0.5230374644,0.5562481284,0.7790863099,0.3270556936,0.4775927067
2023-11-23,SEA,2023,31,0,1.45068e-05,0.0,0.0239292296,0.0036056053,0.0017051042,0.000115326,0.0642843395
2023-11-30,SEA,2023,41,0,0.027173774,0.0,0.4732575758,0.3804809451,0.4974448635,0.0273769561,0.1087501496
2023-12-10,SEA,2023,28,0,0.0231706915,0.0,0.1025695908,0.0666001141,0.0628826287,0.0274187395,0.0645311624
2023-12-18,SEA,2023,17,1,0.7587857326,1.0,0.8479130254,0.8796337843,0.9166337384,0.9278177075,0.88272506
2023-12-24,SEA,2023,17,1,0.5730632619,1.0,0.940877193,0.9459784627,0.9438958654,0.9264485695,0.9238794446
2023-12-31,SEA,2023,30,0,0.0256686182,1.0,0.3937188108,0.1100865677,0.0250778202,0.0081523774,0.1080010533
2023-01-07,SEA,2023,20,1,0.8271972957,0.1428571429,0.47418685,0.5103524327,0.6039165026,0.7402870938,0.9309821129
2023-09-10,SFO,2023,7,1,0.9999681557,1.0,0.9927110799,0.9997509122,0.9999997035,0.9999309786,0.9183085561
2023-09-17,SFO,2023,23,1,0.9093824651,1.0,0.6717501451,0.9484817982,0.9886741476,0.9539536077,0.9072526693
2023-09-21,SFO,2023,12,1,0.9997431651,1.0,0.9885706589,0.9994202852,0.9999963029,0.9997502604,0.9376725554
2023-10-01,SFO,2023,16,1,0.9999477258,1.0,0.862585034,0.996206522,0.9999995443,0.998660231,0.9520130754
2023-10-08,SFO,2023,10,1,0.9999998595,1.0,1.0,0.9998682737,0.9999999994,0.9999495875,0.9520125389
2023-10-15,SFO,2023,19,0,0.39443822,1.0,0.0753589037,0.0490286388,0.0294761221,0.3169621903,0.1010906398
2023-10-23,SFO,2023,22,0,0.2919911283,0.0,0.1923025982,0.1662115604,0.0243230669,0.0850472758,0.2053342015
2023-10-29,SFO,2023,31,0,0.0455134731,1.0,0.3192792299,0.065820612,0.0381834406,0.007124581,0.1077975631
2023-11-12,SFO,2023,3,1,0.9999996744,1.0,1.0,0.9996484518,0.999999998,0.9999777207,0.9520130754
2023-11-19,SFO,2023,14,1,0.9996305373,1.0,1.0,0.998734653,0.9999924381,0.9982193087,0.9520128369
2023-11-23,SFO,2023,13,1,0.9997251248,1.0,0.937134333,0.9982193112,0.9999958279,0.9998580074,0.9183081388
2023-12-03,SFO,2023,19,1,0.9999789531,1.0,0.9959183673,0.9995057583,0.9999738998,0.9995095586,0.9520130754
2023-12-10,SFO,2023,16,1,0.9996828638,1.0,0.9661971831,0.9964852333,0.9999819281,0.9856593896,0.9520099163
2023-12-17,SFO,2023,29,1,0.9890633273,1.0,0.8788116286,0.9890902638,0.9985090573,0.9967703312,0.9519537687
2023-12-25,SFO,2023,33,0,0.0012362095,0.0,0.0077001022,0.006301444,0.0047477597,0.0018449581,0.0642884299
2023-12-31,SFO,2023,10,1,0.9999376809,1.0,0.9945248937,0.9996478558,0.9999991999,0.9998677693,0.9183390737
2023-01-07,SFO,2023,21,0,0.9298074851,1.0,0.5519254377,0.8415116668,0.7840098886,0.6951387724,0.9143562913
2023-01-20,SFO,2023,21,1,0.9053912209,1.0,0.540040055,0.8536884189,0.7657082859,0.8629811872,0.9106811285
2023-01-28,SFO,2023,31,1,0.7296518446,0.875,0.3577516335,0.3760312796,0.7201279887,0.6794557886,0.8510224223
2023-02-11,SFO,2023,25,0,0.7041476632,1.0,0.4930802944,0.8232809305,0.7259895341,0.5423620936,0.8801454306
2023-09-10,TAM,2023,17,1,0.8878791093,1.0,0.7820039738,0.9735350609,0.9899504591,0.9780710412,0.9141938686
2023-09-17,TAM,2023,17,1,0.9907536841,1.0,0.9689699793,0.9747801423,0.9783081964,0.9668486829,0.9519749284
2023-09-25,TAM,2023,25,0,0.0035136754,0.0,0.0130932352,0.0047756485,0.0009359281,0.003775313,0.0643045232
2023-10-01,TAM,2023,9,1,0.9991047281,1.0,0.9986595174,0.9988388419,0.9999950963,0.9998015045,0.9520126581
2023-10-15,TAM,2023,20,0,0.0105876668,0.0,0.0263856209,0.0048396969,0.0011435461,0.0047152906,0.0643597543
2023-10-22,TAM,2023,16,0,0.3246334768,0.0,0.5784006414,0.4336774945,0.326005461,0.3150560178,0.3318019211
2023-10-26,TAM,2023,24,0,0.0615705192,0.0,0.1508737752,0.0525469258,0.122019697,0.0479539241,0.0665271655
2023-11-05,TAM,2023,39,0,0.1607817016,1.0,0.3153521479,0.3600698709,0.6710992196,0.3314590549,0.1006066948
2023-11-12,TAM,2023,6,1,0.9996204539,1.0,0.9637634627,0.9977067709,0.9999918264,0.9996829764,0.9520126581
2023-11-19,TAM,2023,27,0,0.007682459,0.0,0.0173204635,0.0018195907,0.0004539662,0.0012309942,0.0644050688
2023-11-26,TAM,2023,27,0,0.0128050286,0.0,0.1872109305,0.0374350958,0.0107247606,0.0403608389,0.0644686818
2023-12-03,TAM,2023,18,1,0.9586950589,0.375,0.4557148079,0.7272077799,0.8032806708,0.7871882286,0.8986154795
2023-12-10,TAM,2023,25,1,0.8886815753,0.625,0.3898286414,0.6958196759,0.5325809408,0.9459974993,0.9097028971
2023-12-17,TAM,2023,20,1,0.9983196405,1.0,0.8403728992,0.9971592426,0.999980072,0.9969205952,0.9520110488
2023-12-24,TAM,2023,12,1,0.9995217177,1.0,0.9837513818,0.9992621541,0.9999912427,0.9998056364,0.9354280233
2023-12-31,TAM,2023,23,0,0.0954667262,0.0,0.1481559036,0.0190631077,0.0035146663,0.0150762393,0.1097484976
2023-01-07,TAM,2023,0,1,0.9805763179,1.0,0.6187687802,0.7838025093,0.9454422903,0.9888443034,0.9180122614
2023-01-15,TAM,2023,9,1,0.9998035583,1.0,0.8533333333,0.9988786578,0.999996001,0.9998568722,0.9520130754
2023-01-21,TAM,2023,31,0,0.0165211545,0.0,0.0670220074,0.04134918,0.0148759741,0.0143044026,0.106954664
2023-09-10,OTI,2023,16,0,0.0576785451,0.0,0.0929419192,0.0332783051,0.0078267572,0.0168374929,0.0651354417
2023-09-17,OTI,2023,24,1,0.9156298962,1.0,0.8753416149,0.9720748067,0.9789400342,0.9141443948,0.9107207656
2023-09-24,OTI,2023,27,0,0.0001032056,0.0,0.0882034632,0.0058927527,0.0349606635,0.0014065754,0.0642843768
2023-10-01,OTI,2023,3,1,0.9999886117,1.0,0.9902720555,0.9996216297,0.9999999505,0.999937325,0.9518432617
2023-10-08,OTI,2023,23,0,0.1087242645,0.0,0.1901124894,0.0650295764,0.0436364865,0.0229076988,0.0789242312
2023-10-15,OTI,2023,24,0,0.0028889959,0.0,0.1048723455,0.0718979314,0.0103666231,0.007900613,0.0642852411
2023-10-29,OTI,2023,23,1,0.988041834,1.0,0.6793087372,0.9867942929,0.9816474866,0.982076488,0.9179237485
2023-11-02,OTI,2023,20,0,0.1589654196,1.0,0.2298042534,0.0805987418,0.0931796928,0.125258335,0.0824434981
2023-11-12,OTI,2023,20,0,0.0079963611,0.0,0.0,0.0120103937,0.0030139893,0.0017150864,0.0643570721
2023-11-19,OTI,2023,34,0,0.0521295785,0.0,0.2965552794,0.0405893922,0.0131550345,0.0027238397,0.0681497008
2023-11-26,OTI,2023,10,1,0.9914320911,1.0,0.8359066859,0.9960132837,0.999571014,0.9974840242,0.9404072165
2023-12-03,OTI,2023,31,0,0.3277193728,0.0,0.4575261884,0.6714577675,0.791924453,0.4026821159,0.1308713108
2023-12-11,OTI,2023,27,1,0.4648671152,0.0,0.4591911022,0.3639597893,0.4518224378,0.5922646848,0.4191454947
2023-12-17,OTI,2023,19,0,0.0823936688,0.0,0.4628983575,0.4774377644,0.2147591476,0.2741566857,0.0653623641
2023-12-24,OTI,2023,20,0,0.5274338755,1.0,0.4591919192,0.5767804384,0.7747548671,0.793720978,0.783028245
2023-12-31,OTI,2023,26,0,0.0004791287,0.0,0.03375,0.0030180414,1.55142e-05,0.0015282682,0.0642849058
2023-01-07,OTI,2023,20,1,0.967464591,1.0,0.5763822999,0.9636532068,0.9935312218,0.951806352,0.9166894555
2023-09-10,WAS,2023,16,1,0.6379746546,0.5,0.5647789437,0.7582899928,0.8848567554,0.9286101043,0.6177848577
2023-09-17,WAS,2023,33,1,0.2300133635,0.75,0.3955132904,0.6114365458,0.3028625793,0.3683437986,0.1197980866
2023-09-24,WAS,2023,37,0,1.461e-07,0.0,0.075,0.0008391008,4.10488e-05,0.0001121345,0.0642843395
2023-10-01,WAS,2023,34,0,0.0224453423,0.0,0.3226733486,0.3725539446,0.3093987928,0.1064061202,0.0653663352
2023-10-05,WAS,2023,40,0,2.16262e-05,0.0,0.0781154087,0.0049591782,0.0002834908,0.0001729667,0.0927973539
2023-10-15,WAS,2023,16,1,0.9660223604,1.0,0.78495671,0.9497371912,0.9997881305,0.997250449,0.9177846909
2023-10-22,WAS,2023,14,0,0.2683848532,0.0,0.4340219315,0.1046920642,0.0091785017,0.111327727,0.0708439499
2023-10-29,WAS,2023,38,0,0.0072535228,0.5,0.3510988153,0.2913631201,0.3127885617,0.0672794265,0.1074282229
2023-11-05,WAS,2023,17,1,0.8985253627,1.0,0.8196606028,0.9489439726,0.9584198207,0.9247982528,0.9122387171
2023-11-12,WAS,2023,29,0,0.0655472958,0.875,0.3785720639,0.3392874599,0.0905384273,0.1847840266,0.0970775858
2023-11-19,WAS,2023,31,0,0.0029265887,0.0,0.065513293,0.0188543107,0.013908953,0.0063709245,0.0643200427
2023-11-23,WAS,2023,45,0,1.33218e-05,0.0,0.0986689625,0.0202239323,3.98067e-05,8.61721e-05,0.0642843395
2023-12-03,WAS,2023,45,0,1.33672e-05,0.0,0.2233238768,0.002813509,1.64278e-05,7.8853e-05,0.0642843395
2023-12-17,WAS,2023,28,0,0.0957777543,0.0,0.1135909898,0.0180456247,0.0197551389,0.029049215,0.0671801269
2023-12-24,WAS,2023,30,0,0.0899492648,0.0,0.1048271799,0.0868436843,0.0336586562,0.1119653862,0.0648368001
2023-12-31,WAS,2023,27,0,0.0015023231,0.0,0.0134551565,0.0056632827,0.0055649935,0.0021820069,0.0642868802
2023-01-07,WAS,2023,38,0,5.9111e-06,0.0,0.0062168609,0.0017409762,0.0002497828,0.0002953776,0.0642843395
