Season,Team,Date,target,OT,points_scored,points_allowed,pass_yards,pass_touchdowns,interceptions,sacks,pass_yards_per_attempt,pass_completion_ratio,Rate,rush_yards_per_attempt,rush_touchdowns,punts,time_of_possession,extra_points_ratio,field_goal_ratio,third_down_ratio,fourth_down_ratio
2023,CRD,2023-09-10,0,0,16,20,114,0,0,3,4.4,70.0,76.2,3.8,0,5,1716,1.0,1.0,0.2857142857142857,0.0
2023,CRD,2023-09-17,0,0,28,31,228,1,0,0,7.4,67.7,99.9,5.2,2,3,1837,1.0,0.6666666666666666,0.4,0.0
2023,CRD,2023-09-24,1,0,28,16,178,1,0,2,9.0,81.0,117.9,7.4,2,2,1527,1.0,1.0,0.5,0.0
2023,CRD,2023-10-01,0,0,16,35,257,2,0,1,6.5,68.3,101.4,4.2,0,3,1846,1.0,1.0,0.5333333333333333,0.6666666666666666
2023,CRD,2023-10-08,0,0,20,34,152,2,2,3,5.2,46.9,55.7,6.5,1,4,1310,0.6666666666666666,0.0,0.36363636363636365,0.0
2023,CRD,2023-10-15,0,0,9,26,215,0,1,2,5.7,51.2,56.5,4.3,0,3,1830,0.0,1.0,0.375,0.5
2023,CRD,2023-10-22,0,0,10,20,122,0,0,4,4.4,58.8,66.1,5.1,1,5,1768,1.0,0.5,0.3333333333333333,0.0
2023,CRD,2023-10-29,0,0,24,31,181,2,2,2,5.6,67.6,74.3,4.0,1,4,1821,1.0,1.0,0.4166666666666667,0.0
2023,CRD,2023-11-05,0,0,0,27,17,0,2,7,2.9,55.0,20.8,2.0,0,9,1415,0.0,0.0,0.08333333333333333,0.0
2023,CRD,2023-11-12,1,0,25,23,230,0,1,2,7.8,59.4,68.5,4.7,2,3,1698,1.0,1.0,0.2727272727272727,1.0
2023,CRD,2023-11-19,0,0,16,21,196,1,1,3,7.1,66.7,82.1,4.9,1,2,1725,1.0,1.0,0.3,0.25
2023,CRD,2023-11-26,0,0,14,37,219,1,0,4,5.7,60.0,79.8,4.9,1,5,1508,0.0,0.0,0.35294117647058826,0.6666666666666666
2023,CRD,2023-12-03,1,0,24,10,132,1,0,2,6.3,56.5,87.6,3.9,2,5,1757,1.0,1.0,0.5882352941176471,0.0
2023,CRD,2023-12-17,0,0,29,45,202,1,2,3,5.4,66.7,66.4,7.8,2,2,2051,1.0,1.0,0.4375,0.75
2023,CRD,2023-12-24,0,0,16,27,213,2,0,2,6.1,63.2,95.6,4.7,0,6,1528,1.0,1.0,0.4375,0.0
2023,CRD,2023-12-31,1,0,35,31,228,3,1,1,7.5,80.6,116.1,5.5,1,0,2379,1.0,1.0,0.5,1.0
2023,CRD,2023-01-07,0,0,20,21,260,1,0,1,8.7,73.3,110.4,5.4,1,3,2163,1.0,0.5,0.38461538461538464,1.0
2023,ATL,2023-09-10,1,0,24,10,91,1,0,4,6.4,83.3,106.2,5.0,2,7,1519,1.0,1.0,0.2,0.0
2023,ATL,2023-09-17,1,0,25,24,235,1,1,1,7.4,59.4,79.6,4.7,1,1,2175,0.5,1.0,0.4,0.75
2023,ATL,2023-09-24,0,0,6,20,139,0,0,7,5.3,55.3,63.4,2.2,0,6,1623,0.0,0.6666666666666666,0.2857142857142857,0.0
2023,ATL,2023-10-01,0,0,7,23,160,1,2,4,6.2,61.3,58.5,5.8,0,5,1629,1.0,0.0,0.5,0.0
2023,ATL,2023-10-08,1,0,21,19,351,1,0,0,9.2,76.3,112.9,2.7,1,5,2132,1.0,1.0,0.5,0.0
2023,ATL,2023-10-15,0,0,16,24,296,2,3,3,6.5,59.6,65.6,3.7,0,3,2183,1.0,1.0,0.3333333333333333,0.3333333333333333
2023,ATL,2023-10-22,1,0,16,13,245,0,0,1,10.0,76.0,106.2,4.1,1,3,1799,1.0,1.0,0.5384615384615384,0.0
2023,ATL,2023-10-29,0,0,23,28,202,1,0,6,7.2,58.8,85.7,5.4,1,6,1621,1.0,1.0,0.26666666666666666,0.5
2023,ATL,2023-11-05,0,0,28,31,260,1,1,1,7.1,55.3,74.5,3.9,1,4,1708,1.0,1.0,0.5555555555555556,0.0
2023,ATL,2023-11-12,0,0,23,25,70,1,0,3,4.5,57.1,79.5,4.5,2,4,1902,1.0,1.0,0.5,0.5
2023,ATL,2023-11-26,1,0,24,15,168,1,2,0,8.0,61.9,63.3,5.6,1,2,1706,1.0,1.0,0.5,0.0
2023,ATL,2023-12-03,1,0,13,8,104,1,0,3,4.5,44.4,67.5,2.6,0,9,1774,1.0,1.0,0.2857142857142857,0.0
2023,ATL,2023-12-10,0,0,25,29,338,1,1,3,8.7,65.0,89.4,3.7,2,4,1700,1.0,0.3333333333333333,0.38461538461538464,1.0
2023,ATL,2023-12-17,0,0,7,9,152,1,1,0,7.6,60.0,79.6,1.7,0,5,1564,1.0,0.0,0.46153846153846156,0.0
2023,ATL,2023-12-24,1,0,29,10,229,1,0,1,6.9,69.7,99.2,5.9,1,3,1764,1.0,1.0,0.38461538461538464,1.0
2023,ATL,2023-12-31,0,0,17,37,173,1,4,2,5.5,39.4,27.3,5.6,1,3,1366,1.0,0.3333333333333333,0.3076923076923077,0.0
2023,ATL,2023-01-07,0,0,17,48,311,2,2,1,9.4,73.5,96.6,3.1,0,5,1570,1.0,1.0,0.36363636363636365,0.0
2023,RAV,2023-09-10,1,0,25,9,155,0,1,4,7.7,77.3,76.9,3.4,3,5,1855,1.0,1.0,0.5333333333333333,0.0
2023,RAV,2023-09-17,1,0,27,24,237,2,0,0,7.2,72.7,112.8,4.8,1,2,1984,1.0,0.6666666666666666,0.6428571428571429,0.0
2023,RAV,2023-09-24,0,1,19,22,178,0,0,4,6.5,71.0,85.1,5.0,2,7,1938,1.0,0.5,0.375,0.0
2023,RAV,2023-10-01,1,0,28,3,165,2,0,3,9.8,78.9,137.9,4.0,2,7,1790,1.0,0.0,0.3333333333333333,1.0
2023,RAV,2023-10-08,0,0,10,17,210,0,1,4,6.2,57.9,62.4,5.0,1,5,1814,1.0,1.0,0.35714285714285715,0.0
2023,RAV,2023-10-15,1,0,24,16,221,1,1,1,7.4,70.0,88.3,3.6,0,3,2142,0.0,1.0,0.5,0.0
2023,RAV,2023-10-22,1,0,38,6,357,3,0,0,12.8,75.0,152.4,5.4,2,2,1822,1.0,1.0,0.5,1.0
2023,RAV,2023-10-29,1,0,31,24,138,1,0,4,5.8,66.7,91.3,4.5,3,5,1779,1.0,0.5,0.36363636363636365,0.0
2023,RAV,2023-11-05,1,0,37,3,217,1,0,1,6.8,78.8,104.2,7.3,3,2,2404,1.0,1.0,0.46153846153846156,0.5
2023,RAV,2023-11-12,0,0,31,33,200,1,2,3,9.7,56.5,63.7,4.4,2,3,1545,1.0,0.5,0.25,0.0
2023,RAV,2023-11-16,1,0,34,20,248,2,0,3,10.2,61.5,118.7,5.1,2,4,1837,1.0,1.0,0.5,0.0
2023,RAV,2023-11-26,1,0,20,10,164,1,0,2,5.5,56.3,80.7,5.6,1,3,2003,1.0,0.6666666666666666,0.3076923076923077,0.3333333333333333
2023,RAV,2023-12-10,1,1,37,31,310,3,1,2,7.3,55.8,92.2,5.3,0,4,1663,1.0,1.0,0.3333333333333333,0.0
2023,RAV,2023-12-17,1,0,23,7,145,1,1,3,7.1,58.3,72.4,6.0,1,3,2059,1.0,1.0,0.4166666666666667,1.0
2023,RAV,2023-12-25,1,0,33,19,241,2,0,2,7.2,65.7,104.6,3.9,1,3,1874,1.0,1.0,0.36363636363636365,1.0
2023,RAV,2023-12-31,1,0,56,19,331,6,0,1,15.5,86.4,158.3,5.0,2,2,1823,1.0,0.0,0.5714285714285714,1.0
2023,RAV,2023-01-06,0,0,10,17,118,1,0,4,5.2,53.6,76.2,4.2,0,7,1506,1.0,1.0,0.3076923076923077,1.0
2023,RAV,2023-01-20,1,0,34,10,123,2,0,3,6.9,72.7,116.3,5.5,2,4,2255,1.0,1.0,0.3333333333333333,1.0
2023,RAV,2023-01-28,0,0,10,17,255,1,1,4,7.4,54.1,73.6,5.1,0,5,1350,1.0,1.0,0.2727272727272727,1.0
2023,BUF,2023-09-11,0,1,16,22,217,1,3,5,5.8,70.7,60.7,4.4,0,3,1988,1.0,1.0,0.38461538461538464,0.0
2023,BUF,2023-09-17,1,0,38,10,267,3,0,2,7.4,83.8,123.8,5.2,2,1,2404,1.0,1.0,0.5384615384615384,0.75
2023,BUF,2023-09-24,1,0,37,3,218,1,1,0,6.8,62.5,79.9,5.1,2,1,2079,1.0,1.0,0.6,0.0
2023,BUF,2023-10-01,1,0,48,20,310,4,0,2,12.8,84.0,157.9,3.6,2,2,1822,1.0,1.0,0.5,0.0
2023,BUF,2023-10-08,0,0,20,25,359,2,1,0,9.0,67.5,102.0,2.1,1,6,1308,1.0,0.0,0.4166666666666667,0.0
2023,BUF,2023-10-15,1,0,14,9,169,2,1,0,5.6,63.3,86.7,4.4,0,3,1716,1.0,0.0,0.5,0.0
2023,BUF,2023-10-22,0,0,25,29,258,2,1,1,6.5,65.9,89.3,3.4,1,1,1934,1.0,0.5,0.4166666666666667,0.6666666666666666
2023,BUF,2023-10-26,1,0,24,18,312,2,1,2,8.1,77.5,105.4,4.4,1,4,1917,1.0,1.0,0.5384615384615384,0.0
2023,BUF,2023-11-05,0,0,18,24,249,1,1,1,6.8,68.4,84.2,4.3,1,3,1402,1.0,1.0,0.5833333333333334,0.0
2023,BUF,2023-11-13,0,0,22,24,177,1,2,0,6.8,57.7,59.3,7.4,2,3,1359,1.0,0.0,0.375,0.0
2023,BUF,2023-11-19,1,0,32,6,263,3,1,1,8.6,62.5,106.6,3.4,0,3,2211,0.6666666666666666,1.0,0.38461538461538464,1.0
2023,BUF,2023-11-26,0,1,34,37,332,2,1,1,6.6,56.9,81.5,4.3,2,4,2430,1.0,0.5,0.5909090909090909,1.0
2023,BUF,2023-12-10,1,0,20,17,209,1,1,3,5.5,54.8,66.5,4.2,1,4,2121,1.0,1.0,0.4,1.0
2023,BUF,2023-12-17,1,0,31,10,85,1,0,1,6.3,46.7,86.8,5.4,3,2,2105,1.0,1.0,0.5555555555555556,0.0
2023,BUF,2023-12-23,1,0,24,22,230,1,1,1,11.3,71.4,103.3,3.5,2,4,1616,1.0,1.0,0.5,0.0
2023,BUF,2023-12-31,1,0,27,21,154,0,1,1,5.6,50.0,51.3,3.4,2,6,1972,1.0,1.0,0.4666666666666667,0.0
2023,BUF,2023-01-07,1,0,21,14,345,2,2,3,9.4,78.9,100.1,3.6,0,1,2287,1.0,0.0,0.6,0.3333333333333333
2023,BUF,2023-01-15,1,0,31,17,189,3,0,2,6.8,70.0,120.0,5.3,1,3,1999,1.0,0.3333333333333333,0.4166666666666667,1.0
2023,BUF,2023-01-21,0,0,24,27,186,1,0,0,4.8,66.7,86.1,4.7,2,2,2223,1.0,0.5,0.5,0.6666666666666666
2023,CAR,2023-09-10,0,0,10,24,127,1,2,2,3.8,52.6,46.7,4.8,0,5,2081,1.0,1.0,0.35714285714285715,0.0
2023,CAR,2023-09-18,0,0,17,20,139,1,0,4,4.6,66.7,85.3,5.3,0,5,1631,0.0,1.0,0.2857142857142857,1.0
2023,CAR,2023-09-24,0,0,27,37,334,2,0,3,6.2,58.6,86.4,3.1,1,5,1772,1.0,0.6666666666666666,0.5263157894736842,0.0
2023,CAR,2023-10-01,0,0,13,21,149,0,0,5,6.4,78.1,86.1,2.7,0,5,2309,1.0,1.0,0.35714285714285715,0.6666666666666666
2023,CAR,2023-10-08,0,0,24,42,243,3,2,1,6.0,61.0,81.7,4.3,0,3,1725,1.0,1.0,0.5,1.0
2023,CAR,2023-10-15,0,0,21,42,188,1,0,4,5.7,61.5,82.0,4.3,1,4,1844,1.0,0.0,0.35714285714285715,0.0
2023,CAR,2023-10-29,1,0,15,13,180,1,0,6,7.6,71.0,96.2,1.8,0,4,1829,0.0,1.0,0.35714285714285715,0.5
2023,CAR,2023-11-05,0,0,13,27,137,1,3,4,4.4,61.5,44.5,4.9,0,4,1869,1.0,1.0,0.4375,0.6666666666666666
2023,CAR,2023-11-09,0,0,13,16,170,0,0,3,4.9,55.3,66.8,2.7,0,6,1589,1.0,0.6666666666666666,0.2,1.0
2023,CAR,2023-11-19,0,0,10,33,77,1,1,7,4.2,55.2,57.7,4.8,0,5,1719,1.0,1.0,0.3333333333333333,1.0
2023,CAR,2023-11-26,0,0,10,17,162,0,0,4,6.3,58.1,72.2,3.0,1,6,2029,1.0,1.0,0.375,0.6666666666666666
2023,CAR,2023-12-03,0,0,18,21,149,0,1,4,5.7,48.4,49.0,3.9,2,8,2022,1.0,1.0,0.2,0.3333333333333333
2023,CAR,2023-12-10,0,0,6,28,99,0,0,4,3.8,36.1,44.7,5.2,0,2,2090,0.0,0.6666666666666666,0.4,0.14285714285714285
2023,CAR,2023-12-17,1,0,9,7,154,0,0,3,7.0,75.0,91.3,3.6,0,5,2036,0.0,1.0,0.3333333333333333,0.0
2023,CAR,2023-12-24,0,0,30,33,298,2,0,2,8.7,63.9,108.3,3.8,2,3,1881,0.3333333333333333,1.0,0.46153846153846156,0.5
2023,CAR,2023-12-31,0,0,0,26,67,0,1,6,3.5,59.4,51.0,3.8,0,6,1591,0.0,0.0,0.07692307692307693,0.5
2023,CAR,2023-01-07,0,0,0,9,68,0,0,3,5.2,61.1,68.7,4.5,0,6,1716,0.0,0.0,0.16666666666666666,1.0
2023,CHI,2023-09-10,0,0,20,38,189,1,1,4,5.8,64.9,75.2,4.2,1,4,1843,0.0,1.0,0.23076923076923078,0.5
2023,CHI,2023-09-17,0,0,17,27,169,1,2,6,7.3,55.2,55.1,4.2,1,5,1444,1.0,1.0,0.46153846153846156,0.0
2023,CHI,2023-09-24,0,0,10,41,87,1,1,3,4.5,50.0,56.4,4.5,0,5,1427,1.0,1.0,0.3333333333333333,0.5
2023,CHI,2023-10-01,0,0,28,31,300,4,1,4,9.6,80.0,128.6,5.5,0,2,2029,1.0,0.0,0.5,0.3333333333333333
2023,CHI,2023-10-05,1,0,40,20,273,4,0,3,9.7,51.7,124.0,5.6,0,3,1804,1.0,1.0,0.4666666666666667,1.0
2023,CHI,2023-10-15,0,0,13,19,113,0,2,5,5.9,66.7,42.5,4.5,1,4,2111,1.0,1.0,0.42857142857142855,0.0
2023,CHI,2023-10-22,1,0,30,12,150,1,0,2,5.6,72.4,95.5,4.6,2,3,2046,0.75,1.0,0.6153846153846154,0.0
2023,CHI,2023-10-29,0,0,13,30,222,0,2,1,6.3,67.6,60.9,2.9,2,3,1712,1.0,0.0,0.42857142857142855,0.25
2023,CHI,2023-11-05,0,0,17,24,212,2,3,2,7.3,60.0,64.2,4.9,0,2,1840,1.0,0.5,0.5,1.0
2023,CHI,2023-11-09,1,0,16,13,162,0,0,0,4.9,60.6,73.0,3.6,1,6,2011,1.0,1.0,0.4,1.0
2023,CHI,2023-11-19,0,0,26,31,151,1,0,2,7.3,69.6,101.9,4.0,1,2,2424,1.0,1.0,0.38461538461538464,1.0
2023,CHI,2023-11-27,1,0,12,10,199,0,0,3,5.9,73.0,85.3,4.2,0,3,2150,0.0,0.8,0.4444444444444444,1.0
2023,CHI,2023-12-10,1,0,28,13,194,1,0,3,6.8,57.6,84.7,4.7,2,3,1999,0.5,1.0,0.42857142857142855,0.5
2023,CHI,2023-12-17,0,0,17,20,148,1,2,3,4.2,47.5,44.6,3.3,0,10,1740,1.0,1.0,0.2222222222222222,0.0
2023,CHI,2023-12-24,1,0,27,16,170,1,1,1,6.3,55.6,71.5,6.4,2,5,2072,1.0,1.0,0.5333333333333333,0.0
2023,CHI,2023-12-31,1,0,37,17,240,1,0,3,8.4,62.5,95.8,5.2,3,4,2234,1.0,0.75,0.375,0.5
2023,CHI,2023-01-07,0,0,9,17,117,0,0,5,9.3,68.8,89.8,3.0,0,3,1716,0.0,1.0,0.2727272727272727,1.0
2023,CIN,2023-09-10,0,0,3,24,67,0,0,2,2.6,43.8,51.0,3.8,0,10,1450,0.0,0.5,0.13333333333333333,0.0
2023,CIN,2023-09-17,0,0,24,27,216,2,1,1,5.4,65.9,85.0,4.4,0,3,1616,1.0,1.0,0.6666666666666666,1.0
2023,CIN,2023-09-25,1,0,19,16,242,0,1,2,5.3,53.1,58.4,2.9,1,5,2160,1.0,0.8,0.29411764705882354,1.0
2023,CIN,2023-10-01,0,0,3,27,139,0,0,3,5.5,66.7,76.9,4.0,0,5,1515,0.0,1.0,0.2222222222222222,0.0
2023,CIN,2023-10-08,1,0,34,20,287,3,1,3,6.9,78.3,105.3,3.1,0,3,2290,1.0,1.0,0.35714285714285715,0.0
2023,CIN,2023-10-15,1,0,17,13,168,2,1,3,5.3,68.6,86.4,3.1,0,6,1559,1.0,1.0,0.2727272727272727,0.0
2023,CIN,2023-10-29,1,0,31,17,266,3,0,3,8.8,87.5,132.6,5.0,1,3,1883,1.0,0.5,0.375,0.0
2023,CIN,2023-11-05,1,0,24,18,343,2,0,1,7.9,70.5,108.4,2.5,1,3,2198,1.0,1.0,0.5333333333333333,0.5
2023,CIN,2023-11-12,0,0,27,30,314,2,2,4,8.7,67.5,86.9,4.1,1,5,1710,1.0,1.0,0.42857142857142855,1.0
2023,CIN,2023-11-16,0,0,20,34,136,2,0,5,5.5,61.3,92.9,5.9,0,5,1763,1.0,0.6666666666666666,0.18181818181818182,1.0
2023,CIN,2023-11-26,0,0,10,16,197,1,1,4,8.7,73.1,91.3,2.3,0,6,1363,1.0,1.0,0.2,0.0
2023,CIN,2023-12-04,1,1,34,31,335,1,1,2,8.9,84.6,100.3,5.0,3,1,2043,1.0,0.6666666666666666,0.5714285714285714,0.5
2023,CIN,2023-12-10,1,0,34,14,274,2,1,0,11.0,76.0,121.1,3.5,2,4,1912,1.0,1.0,0.2727272727272727,1.0
2023,CIN,2023-12-16,1,1,27,24,298,2,1,5,7.7,69.0,95.1,3.6,1,4,1988,1.0,1.0,0.46153846153846156,1.0
2023,CIN,2023-12-23,0,0,11,34,309,1,3,3,8.0,66.7,66.5,3.7,0,3,1909,0.0,1.0,0.46153846153846156,0.0
2023,CIN,2023-12-31,0,0,17,25,159,1,0,6,6.0,57.6,80.2,3.3,1,4,2057,1.0,1.0,0.5,0.3333333333333333
2023,CIN,2023-01-07,1,0,31,14,145,3,1,3,6.3,75.0,107.0,6.1,1,6,2146,1.0,1.0,0.25,0.0
2023,CLE,2023-09-10,1,0,24,3,144,1,1,3,5.3,55.2,65.9,5.2,1,7,2150,1.0,1.0,0.2857142857142857,0.0
2023,CLE,2023-09-18,0,0,22,26,210,1,1,6,5.9,55.0,67.7,5.7,1,5,2128,0.0,0.6666666666666666,0.3125,0.0
2023,CLE,2023-09-24,1,0,27,3,263,2,0,3,8.8,81.8,120.1,2.5,1,3,2309,1.0,1.0,0.46153846153846156,1.0
2023,CLE,2023-10-01,0,0,3,28,73,0,3,4,3.4,52.8,23.8,3.7,0,8,1810,0.0,1.0,0.25,1.0
2023,CLE,2023-10-15,1,0,19,17,174,0,2,2,5.6,52.9,43.0,4.7,1,4,1983,1.0,0.8,0.23076923076923078,1.0
2023,CLE,2023-10-22,1,0,39,38,166,0,2,2,4.9,43.2,34.3,4.5,3,5,1649,1.0,1.0,0.25,0.5
2023,CLE,2023-10-29,0,0,20,24,230,1,2,3,8.0,50.0,58.1,3.9,1,3,2200,1.0,1.0,0.4,0.0
2023,CLE,2023-11-05,1,0,27,0,213,2,0,1,7.3,63.3,106.7,2.8,1,7,2185,1.0,0.6666666666666666,0.35294117647058826,0.5
2023,CLE,2023-11-12,1,0,33,31,195,1,1,4,6.1,57.1,70.5,4.9,1,2,2055,0.5,1.0,0.5,0.5
2023,CLE,2023-11-19,1,0,13,10,163,0,1,1,3.8,55.8,54.7,3.3,1,8,1887,1.0,1.0,0.23529411764705882,1.0
2023,CLE,2023-11-26,0,0,12,29,162,1,0,4,4.5,47.6,65.8,4.5,0,3,1632,0.0,1.0,0.15384615384615385,0.4
2023,CLE,2023-12-03,0,0,19,36,240,2,1,2,5.8,52.3,74.1,3.8,0,5,2043,0.5,1.0,0.4375,0.0
2023,CLE,2023-12-10,1,0,31,27,307,3,1,1,6.9,57.8,91.6,2.9,1,8,1909,1.0,1.0,0.2222222222222222,1.0
2023,CLE,2023-12-17,1,0,20,17,348,2,3,4,8.4,64.4,75.0,1.6,0,9,1860,1.0,1.0,0.25,1.0
2023,CLE,2023-12-24,1,0,36,22,364,3,2,1,8.5,63.6,93.4,1.8,2,3,2014,1.0,0.0,0.375,0.6666666666666666
2023,CLE,2023-12-28,1,0,37,20,301,3,1,1,10.7,65.5,120.0,4.5,1,3,1689,0.8,1.0,0.5,0.0
2023,CLE,2023-01-07,0,0,14,31,140,2,2,3,6.4,50.0,59.8,4.3,0,7,1454,1.0,0.0,0.18181818181818182,1.0
2023,CLE,2023-01-13,0,0,14,45,268,1,2,4,6.7,73.9,77.1,2.8,1,4,2126,1.0,0.0,0.4666666666666667,0.0
2023,DAL,2023-09-10,1,0,40,0,143,0,0,0,5.7,52.0,69.2,4.1,3,3,1592,0.8,1.0,0.46153846153846156,0.5
2023,DAL,2023-09-17,1,0,30,10,248,2,0,1,6.7,81.6,111.4,3.0,0,3,2535,1.0,1.0,0.5,0.0
2023,DAL,2023-09-24,0,0,16,28,231,1,1,2,6.2,62.5,76.1,5.6,0,2,2073,1.0,1.0,0.5625,0.0
2023,DAL,2023-10-01,1,0,38,3,253,1,0,3,7.8,83.3,105.2,4.1,1,2,2109,1.0,1.0,0.5333333333333333,0.0
2023,DAL,2023-10-08,0,0,10,42,140,1,3,4,6.2,61.5,49.0,3.0,0,5,1375,1.0,1.0,0.36363636363636365,0.0
2023,DAL,2023-10-16,1,0,20,17,246,1,0,5,9.1,70.0,105.7,3.7,1,4,1792,1.0,1.0,0.38461538461538464,0.5
2023,DAL,2023-10-29,1,0,43,20,285,4,1,3,9.0,79.4,128.6,3.9,0,2,2128,1.0,1.0,0.5,1.0
2023,DAL,2023-11-05,0,0,23,28,333,3,0,5,8.5,65.9,111.3,3.5,0,2,1782,1.0,1.0,0.4,0.6
2023,DAL,2023-11-12,1,0,49,17,472,4,2,0,10.7,75.0,120.6,5.1,3,2,2241,1.0,0.0,0.5,0.5
2023,DAL,2023-11-19,1,0,33,10,204,2,0,0,5.0,65.9,94.0,4.0,1,3,1881,0.75,1.0,0.4375,0.0
2023,DAL,2023-11-23,1,0,45,10,331,4,0,0,10.3,68.8,142.1,5.6,1,3,1386,0.8,1.0,0.6,0.0
2023,DAL,2023-11-30,1,0,41,35,275,3,0,4,7.3,70.7,113.4,4.0,1,0,2187,1.0,1.0,0.5714285714285714,0.5
2023,DAL,2023-12-10,1,0,33,13,256,2,0,3,6.9,61.5,97.8,4.3,1,1,2196,1.0,1.0,0.5625,1.0
2023,DAL,2023-12-17,0,0,10,31,106,0,1,3,3.9,61.8,54.3,4.5,1,5,1495,1.0,1.0,0.38461538461538464,0.5
2023,DAL,2023-12-24,0,0,20,22,242,2,0,4,7.9,62.5,106.5,3.9,0,3,1862,1.0,1.0,0.3333333333333333,1.0
2023,DAL,2023-12-30,1,0,20,19,323,2,1,3,9.1,68.4,101.1,2.9,0,4,1764,1.0,1.0,0.5,0.0
2023,DAL,2023-01-07,1,0,38,10,309,4,1,0,7.7,85.0,121.8,4.5,1,0,2035,1.0,0.3333333333333333,0.6,1.0
2023,DAL,2023-01-14,0,0,32,48,387,3,2,4,6.7,68.3,88.7,4.9,1,2,1865,0.5,1.0,0.625,0.0
2023,DEN,2023-09-10,0,0,16,17,166,2,0,2,5.2,79.4,106.6,4.3,0,2,1928,0.5,0.5,0.45454545454545453,0.0
2023,DEN,2023-09-17,0,0,33,35,277,3,1,7,9.6,56.3,103.3,5.3,1,3,1575,1.0,1.0,0.3333333333333333,1.0
2023,DEN,2023-09-24,0,0,20,70,294,1,1,1,8.1,60.5,82.6,3.5,0,5,1599,1.0,1.0,0.25,0.0
2023,DEN,2023-10-01,1,0,31,28,214,3,0,1,8.0,75.0,132.1,5.1,0,4,1571,1.0,1.0,0.5454545454545454,0.0
2023,DEN,2023-10-08,0,0,21,31,169,2,0,4,6.3,64.5,100.1,6.3,0,4,1524,1.0,1.0,0.4,0.0
2023,DEN,2023-10-12,0,0,8,19,82,1,2,4,4.3,59.1,44.1,5.0,0,5,1451,0.0,0.0,0.4,0.0
2023,DEN,2023-10-22,1,0,19,17,194,1,0,1,6.7,69.0,98.9,5.8,0,3,1703,1.0,1.0,0.4166666666666667,0.0
2023,DEN,2023-10-29,1,0,24,9,87,3,0,6,6.0,63.2,113.4,3.8,0,4,2027,1.0,0.5,0.42857142857142855,0.0
2023,DEN,2023-11-13,1,0,24,22,178,2,0,4,6.7,82.8,115.2,3.2,0,5,2241,0.0,1.0,0.42105263157894735,1.0
2023,DEN,2023-11-19,1,0,21,20,249,1,0,2,7.4,77.1,105.5,3.1,0,4,1502,0.0,1.0,0.16666666666666666,1.0
2023,DEN,2023-11-26,1,0,29,12,125,1,0,1,6.1,59.1,90.2,4.3,2,5,1968,1.0,1.0,0.42857142857142855,0.0
2023,DEN,2023-12-03,0,0,17,22,164,1,3,3,7.2,57.7,49.7,3.9,1,6,1616,1.0,1.0,0.0,1.0
2023,DEN,2023-12-10,1,0,24,7,216,2,1,2,6.8,63.6,90.0,3.4,1,7,2009,1.0,1.0,0.47058823529411764,0.0
2023,DEN,2023-12-16,0,0,17,42,204,1,0,2,7.0,56.3,85.9,3.0,1,5,1722,1.0,1.0,0.38461538461538464,1.0
2023,DEN,2023-12-24,0,0,23,26,193,2,0,5,6.4,67.6,98.1,3.6,1,7,1878,1.0,0.0,0.3076923076923077,0.5
2023,DEN,2023-12-31,1,0,16,9,212,1,0,2,7.0,62.5,92.2,3.1,0,5,2026,1.0,0.75,0.4117647058823529,1.0
2023,DEN,2023-01-07,0,0,14,27,238,1,1,5,8.0,58.8,77.8,2.4,1,5,1764,1.0,0.0,0.3333333333333333,0.6666666666666666
2023,DET,2023-09-07,1,0,21,20,250,1,0,1,7.2,62.9,93.7,3.5,1,5,1958,1.0,0.0,0.3333333333333333,0.3333333333333333
2023,DET,2023-09-17,0,1,31,37,316,3,1,2,9.2,80.0,121.0,3.8,1,1,1848,1.0,1.0,0.5454545454545454,0.3333333333333333
2023,DET,2023-09-24,1,0,20,6,243,1,1,0,7.4,66.7,85.8,3.7,1,6,1977,1.0,1.0,0.2857142857142857,0.0
2023,DET,2023-09-28,1,0,34,20,190,1,1,2,7.5,67.9,83.9,4.9,3,4,2278,1.0,1.0,0.4117647058823529,1.0
2023,DET,2023-10-08,1,0,42,24,218,3,0,2,8.4,71.4,129.8,5.3,3,2,1875,1.0,0.0,0.4,0.5
2023,DET,2023-10-15,1,0,20,6,340,2,0,3,8.0,68.2,106.2,1.8,0,4,2190,1.0,0.6666666666666666,0.5625,0.0
2023,DET,2023-10-22,0,0,6,38,253,0,1,5,5.4,62.3,66.0,6.0,1,4,1778,0.0,0.0,0.3125,0.3333333333333333
2023,DET,2023-10-30,1,0,26,14,264,1,1,1,7.4,70.3,88.1,5.2,1,1,2373,1.0,0.8,0.42857142857142855,1.0
2023,DET,2023-11-12,1,0,41,38,333,2,0,0,10.1,69.7,122.4,6.5,3,1,1834,1.0,1.0,0.3076923076923077,0.8
2023,DET,2023-11-19,1,0,31,26,223,2,3,2,6.7,65.7,66.7,5.2,2,2,1176,1.0,0.0,0.7272727272727273,0.0
2023,DET,2023-11-23,0,0,22,29,324,2,0,3,7.5,65.9,102.8,4.5,1,2,1916,0.0,0.0,0.4666666666666667,0.2
2023,DET,2023-12-03,1,0,33,28,205,2,0,1,8.5,64.0,116.2,4.7,2,5,1670,1.0,1.0,0.46153846153846156,0.0
2023,DET,2023-12-10,0,0,13,28,127,1,2,4,4.6,57.1,50.5,5.8,1,4,1601,0.5,0.0,0.4,0.2
2023,DET,2023-12-16,1,0,42,17,263,5,0,2,8.2,70.6,132.7,6.6,1,4,1878,1.0,0.0,0.5,1.0
2023,DET,2023-12-24,1,0,30,24,246,1,0,1,6.4,75.0,98.5,4.0,3,3,2302,0.75,1.0,0.5,1.0
2023,DET,2023-12-30,0,0,19,20,295,1,2,1,8.6,57.1,70.5,4.0,1,4,1836,1.0,1.0,0.3076923076923077,0.6666666666666666
2023,DET,2023-01-07,1,0,30,20,311,2,0,1,10.0,71.9,123.3,3.0,2,5,1501,0.75,1.0,0.1111111111111111,1.0
2023,DET,2023-01-14,1,0,24,23,255,1,0,3,10.3,81.5,118.4,3.2,2,3,1795,1.0,1.0,0.3333333333333333,1.0
2023,DET,2023-01-21,1,0,31,23,277,2,0,2,6.7,69.8,102.6,4.4,2,5,1920,1.0,1.0,0.42857142857142855,1.0
2023,DET,2023-01-28,0,0,31,34,260,1,0,2,6.7,61.0,87.4,6.3,3,2,1668,1.0,1.0,0.5,0.3333333333333333
2023,GNB,2023-09-10,1,0,38,20,237,3,0,1,9.1,55.6,122.0,2.9,1,5,1757,1.0,1.0,0.5625,0.5
2023,GNB,2023-09-17,0,0,24,25,140,3,0,1,6.0,56.0,111.7,4.0,0,4,1425,1.0,1.0,0.3333333333333333,0.0
2023,GNB,2023-09-24,1,0,18,17,245,1,1,1,5.9,50.0,65.1,3.7,1,4,1955,1.0,1.0,0.4444444444444444,0.3333333333333333
2023,GNB,2023-09-28,0,0,20,34,203,1,2,5,6.8,63.9,64.9,2.3,1,5,1322,0.0,1.0,0.2727272727272727,1.0
2023,GNB,2023-10-09,0,0,13,17,175,0,3,2,6.1,53.3,31.2,4.4,1,4,1646,1.0,1.0,0.3333333333333333,1.0
2023,GNB,2023-10-22,0,0,17,19,194,2,1,0,6.1,68.8,92.4,4.7,0,3,1897,1.0,0.5,0.42857142857142855,1.0
2023,GNB,2023-10-29,0,0,10,24,196,1,1,4,5.6,58.5,68.8,4.4,0,4,1418,1.0,1.0,0.35714285714285715,0.25
2023,GNB,2023-11-05,1,0,20,3,207,1,0,4,8.8,76.9,112.2,4.8,1,4,2116,1.0,0.6666666666666666,0.5,1.0
2023,GNB,2023-11-12,0,0,19,23,283,2,2,1,7.2,52.5,71.1,4.8,0,4,1767,0.5,1.0,0.5,1.0
2023,GNB,2023-11-19,1,0,23,20,295,2,0,3,8.1,67.5,105.7,3.6,1,4,1918,0.6666666666666666,0.5,0.5,0.0
2023,GNB,2023-11-23,1,0,29,22,268,3,0,0,8.4,68.8,125.5,5.0,0,4,1684,0.6666666666666666,0.5,0.45454545454545453,0.0
2023,GNB,2023-12-03,1,0,27,19,253,3,0,2,7.4,69.4,117.0,5.2,0,2,1832,1.0,1.0,0.5,1.0
2023,GNB,2023-12-11,0,0,22,24,203,1,1,2,5.6,64.1,75.1,4.9,1,3,1866,1.0,0.75,0.35714285714285715,1.0
2023,GNB,2023-12-17,0,0,20,34,261,2,0,2,7.3,74.4,109.0,3.5,0,2,1853,1.0,1.0,0.5,0.0
2023,GNB,2023-12-24,1,0,33,30,207,2,0,1,7.8,60.7,107.3,4.8,2,3,1719,0.75,1.0,0.5714285714285714,0.0
2023,GNB,2023-12-31,1,0,33,10,293,3,0,0,8.6,73.5,128.7,4.5,1,2,2252,0.75,1.0,0.6428571428571429,0.0
2023,GNB,2023-01-07,1,0,17,9,308,2,0,1,9.9,84.4,127.6,4.6,0,0,1884,1.0,0.5,0.7,0.0
2023,GNB,2023-01-14,1,0,48,32,272,3,0,0,13.0,76.2,157.2,4.3,3,3,1735,0.8571428571428571,0.0,0.6,1.0
2023,GNB,2023-01-20,0,0,21,24,194,2,2,0,5.7,61.8,72.4,4.9,0,1,1819,1.0,0.6666666666666666,0.5384615384615384,0.0
2023,HTX,2023-09-10,0,0,9,25,196,0,0,5,5.5,63.6,73.7,3.1,0,4,1745,0.0,1.0,0.3888888888888889,0.25
2023,HTX,2023-09-17,0,0,20,31,337,2,0,6,8.2,63.8,99.3,2.0,0,3,2098,1.0,0.6666666666666666,0.47368421052631576,1.0
2023,HTX,2023-09-24,1,0,37,17,280,2,0,0,9.3,66.7,118.7,3.3,1,4,1677,1.0,1.0,0.6,0.0
2023,HTX,2023-10-01,1,0,30,6,312,3,0,0,10.1,54.8,122.0,3.7,0,3,1955,1.0,1.0,0.5,0.0
2023,HTX,2023-10-08,0,0,19,21,249,1,0,0,7.1,57.1,88.9,2.8,0,6,1468,1.0,1.0,0.3076923076923077,0.0
2023,HTX,2023-10-15,1,0,20,13,177,2,1,2,7.4,48.1,78.8,3.9,0,5,1707,1.0,1.0,0.36363636363636365,0.0
2023,HTX,2023-10-29,0,0,13,15,119,0,0,2,5.8,66.7,78.3,3.7,2,6,1771,1.0,0.0,0.4166666666666667,1.0
2023,HTX,2023-11-05,1,0,39,37,443,5,0,3,11.2,71.4,145.1,3.1,0,3,1720,1.0,1.0,0.2727272727272727,1.0
2023,HTX,2023-11-12,1,0,30,27,356,1,1,1,9.1,59.0,87.1,5.5,2,4,1890,1.0,1.0,0.3076923076923077,0.0
2023,HTX,2023-11-19,1,0,21,16,308,2,3,4,8.9,73.7,81.9,4.4,1,2,1875,1.0,0.0,0.6923076923076923,0.0
2023,HTX,2023-11-26,0,0,21,24,261,2,0,4,8.4,72.2,111.0,5.1,1,4,1566,1.0,0.0,0.46153846153846156,0.0
2023,HTX,2023-12-03,1,0,22,17,264,1,0,5,10.4,60.7,103.9,3.0,1,7,1984,1.0,1.0,0.25,1.0
2023,HTX,2023-12-10,0,0,6,30,54,0,0,5,3.4,39.3,47.3,4.3,1,8,1375,0.0,0.0,0.08333333333333333,0.0
2023,HTX,2023-12-17,1,1,19,16,192,1,1,4,6.4,63.9,75.2,4.6,0,6,2192,1.0,1.0,0.26666666666666666,1.0
2023,HTX,2023-12-24,0,0,22,36,178,2,2,3,4.3,53.1,58.0,4.5,0,6,1586,1.0,0.0,0.3333333333333333,0.3333333333333333
2023,HTX,2023-12-31,1,0,26,3,201,1,0,1,6.7,75.0,101.2,4.0,0,3,1991,1.0,1.0,0.2727272727272727,0.0
2023,HTX,2023-01-06,1,0,23,19,246,2,0,2,10.2,76.9,131.2,2.1,1,6,1758,0.6666666666666666,1.0,0.38461538461538464,0.0
2023,HTX,2023-01-13,1,0,45,14,280,3,0,0,12.7,77.3,158.1,3.5,1,4,1474,1.0,1.0,0.25,0.0
2023,HTX,2023-01-20,0,0,10,34,175,0,0,0,5.3,57.6,72.2,2.7,0,5,1345,1.0,0.5,0.3333333333333333,0.0
2023,CLT,2023-09-10,0,0,21,31,215,1,1,4,5.7,61.5,74.2,2.5,1,5,1583,1.0,0.0,0.16666666666666666,0.2
2023,CLT,2023-09-17,1,0,31,20,227,1,0,0,6.9,75.8,104.0,5.5,3,5,1502,1.0,1.0,0.5,0.0
2023,CLT,2023-09-24,1,1,22,19,188,1,0,5,5.2,61.4,78.6,4.0,0,7,2193,1.0,1.0,0.36363636363636365,0.0
2023,CLT,2023-10-01,0,1,23,29,196,2,0,2,8.0,44.0,98.1,4.3,1,4,1465,1.0,0.0,0.3,0.5
2023,CLT,2023-10-08,1,0,23,16,236,0,0,1,9.7,76.9,104.0,5.7,2,1,1863,1.0,1.0,0.6153846153846154,0.0
2023,CLT,2023-10-15,0,0,20,37,310,1,3,3,6.0,60.0,58.9,2.6,1,3,1879,1.0,1.0,0.35294117647058826,0.5
2023,CLT,2023-10-22,0,0,38,39,288,2,1,4,13.3,65.2,119.4,4.2,3,5,1951,1.0,0.5,0.4666666666666667,0.0
2023,CLT,2023-10-29,0,0,27,38,207,2,1,2,5.2,56.1,76.0,6.8,1,5,1791,1.0,1.0,0.4375,1.0
2023,CLT,2023-11-05,1,0,27,13,120,1,0,1,4.9,65.4,88.6,2.6,0,5,1731,1.0,1.0,0.3076923076923077,0.0
2023,CLT,2023-11-12,1,0,10,6,194,0,1,0,6.9,64.3,69.6,2.7,1,5,1535,1.0,0.5,0.38461538461538464,1.0
2023,CLT,2023-11-26,1,0,27,20,239,0,1,2,6.1,58.5,65.0,5.7,3,2,1881,1.0,0.6666666666666666,0.18181818181818182,0.75
2023,CLT,2023-12-03,1,1,31,28,300,2,0,3,7.4,61.9,99.3,2.4,0,5,1743,1.0,1.0,0.21428571428571427,1.0
2023,CLT,2023-12-10,0,0,14,34,226,1,1,3,6.2,66.7,79.6,2.6,0,4,1688,0.0,0.0,0.2727272727272727,0.5
2023,CLT,2023-12-16,1,0,30,13,202,3,0,3,7.7,64.3,121.4,5.0,0,2,2000,1.0,0.6,0.4,0.5
2023,CLT,2023-12-24,0,0,10,29,170,0,1,6,5.4,54.1,55.0,3.7,1,4,1836,1.0,1.0,0.35714285714285715,0.3333333333333333
2023,CLT,2023-12-31,1,0,23,20,215,1,0,1,9.7,65.2,109.9,4.6,1,3,1576,1.0,1.0,0.46153846153846156,1.0
2023,CLT,2023-01-06,0,0,19,23,133,0,0,1,5.9,54.2,70.3,6.1,1,4,1842,0.0,0.75,0.09090909090909091,0.0
2023,JAX,2023-09-10,1,0,31,21,237,2,1,2,7.5,75.0,103.3,3.0,2,5,2017,1.0,1.0,0.25,0.3333333333333333
2023,JAX,2023-09-17,0,0,9,17,197,0,0,4,5.1,54.8,67.3,4.1,0,5,1691,0.0,1.0,0.25,0.0
2023,JAX,2023-09-24,0,0,17,37,288,1,1,0,6.9,69.0,86.2,4.3,1,2,1923,1.0,0.3333333333333333,0.38461538461538464,0.0
2023,JAX,2023-10-01,1,0,23,7,195,1,0,2,6.9,76.7,104.2,3.3,0,3,1971,1.0,1.0,0.35714285714285715,0.5
2023,JAX,2023-10-08,1,0,25,20,278,1,0,5,8.5,67.6,98.7,4.9,2,5,2292,1.0,1.0,0.5555555555555556,0.0
2023,JAX,2023-10-15,1,0,37,20,148,2,1,3,6.0,66.7,86.5,2.9,2,4,1721,1.0,1.0,0.2857142857142857,1.0
2023,JAX,2023-10-19,1,0,31,24,217,1,0,0,7.2,70.0,101.7,4.3,2,5,1430,1.0,1.0,0.18181818181818182,0.5
2023,JAX,2023-10-29,1,0,20,10,271,1,1,3,9.1,75.0,97.3,3.5,0,3,2056,0.0,1.0,0.46153846153846156,0.0
2023,JAX,2023-11-12,0,0,3,34,162,0,2,5,5.9,56.3,44.0,3.5,0,5,1609,0.0,1.0,0.3333333333333333,0.0
2023,JAX,2023-11-19,1,0,34,14,261,2,0,1,8.2,75.0,119.4,3.6,2,2,2186,1.0,1.0,0.3333333333333333,0.75
2023,JAX,2023-11-26,1,0,24,21,364,1,1,0,9.6,60.5,90.2,2.7,1,2,2034,1.0,0.75,0.5384615384615384,0.0
2023,JAX,2023-12-04,0,1,31,34,305,2,0,4,8.2,79.5,116.3,2.8,2,5,2052,1.0,0.5,0.4,1.0
2023,JAX,2023-12-10,0,0,27,31,235,3,3,4,5.1,56.0,63.3,2.9,1,7,1691,1.0,0.0,0.4117647058823529,0.0
2023,JAX,2023-12-17,0,0,7,23,258,1,0,1,6.1,58.1,83.3,4.4,0,3,1541,1.0,0.0,0.23076923076923078,0.6666666666666666
2023,JAX,2023-12-24,0,0,12,30,268,2,2,4,6.9,63.6,76.7,2.8,0,1,1373,0.0,0.0,0.3333333333333333,0.3333333333333333
2023,JAX,2023-12-31,1,0,26,0,162,0,0,3,7.4,70.8,89.2,4.4,2,3,2009,1.0,1.0,0.4375,1.0
2023,JAX,2023-01-07,0,0,20,28,280,2,2,0,6.5,67.4,81.5,3.6,0,1,1937,1.0,1.0,0.5714285714285714,0.0
2023,KAN,2023-09-07,0,0,20,21,226,2,1,0,5.8,53.8,77.5,3.9,0,5,1642,1.0,1.0,0.35714285714285715,0.0
2023,KAN,2023-09-17,1,0,17,9,298,2,1,1,7.4,70.7,97.4,4.6,0,4,1909,1.0,1.0,0.3076923076923077,1.0
2023,KAN,2023-09-24,1,0,41,10,303,3,2,0,8.0,71.1,98.9,4.1,2,1,2173,1.0,1.0,0.7142857142857143,0.0
2023,KAN,2023-10-01,1,0,23,20,197,1,2,1,6.8,60.0,62.8,5.8,1,2,1929,1.0,1.0,0.5833333333333334,0.0
2023,KAN,2023-10-08,1,0,27,20,266,2,0,2,6.9,75.6,108.4,3.2,1,3,1919,1.0,1.0,0.6,0.0
2023,KAN,2023-10-12,1,0,19,8,293,1,1,2,7.5,73.2,90.8,3.6,0,3,2149,1.0,1.0,0.3076923076923077,0.0
2023,KAN,2023-10-22,1,0,31,17,415,4,1,1,10.1,76.2,128.6,3.2,0,3,1900,1.0,1.0,0.5454545454545454,0.0
2023,KAN,2023-10-29,0,0,9,24,212,0,2,3,6.3,63.2,56.0,3.9,0,2,1573,0.0,1.0,0.3,0.3333333333333333
2023,KAN,2023-11-05,1,0,21,14,174,2,0,2,6.2,66.7,104.0,3.9,0,6,1776,1.0,0.0,0.3,0.0
2023,KAN,2023-11-20,0,0,17,21,168,2,1,1,4.1,55.8,70.7,5.6,0,6,1921,1.0,1.0,0.47058823529411764,0.6666666666666666
2023,KAN,2023-11-26,1,0,31,17,291,2,0,1,8.8,79.4,121.9,3.0,2,4,1845,1.0,1.0,0.45454545454545453,0.0
2023,KAN,2023-12-03,0,0,19,27,189,1,1,3,6.4,63.6,76.5,5.9,1,1,1768,1.0,1.0,0.6363636363636364,0.0
2023,KAN,2023-12-10,0,0,17,20,264,1,1,1,6.3,58.1,74.2,4.6,1,4,1479,1.0,1.0,0.5,0.0
2023,KAN,2023-12-17,1,0,27,17,283,3,2,3,8.1,73.7,98.9,2.2,0,4,1874,1.0,0.6666666666666666,0.38461538461538464,0.0
2023,KAN,2023-12-25,0,0,14,20,223,1,1,4,5.5,62.2,72.7,3.4,1,4,2058,1.0,0.0,0.3125,0.6
2023,KAN,2023-12-31,1,0,25,17,241,1,0,2,8.4,72.4,108.5,6.0,0,1,1543,1.0,1.0,0.25,1.0
2023,KAN,2023-01-07,1,0,13,12,145,0,1,1,5.1,50.0,50.0,4.4,0,6,1625,1.0,1.0,0.375,1.0
2023,KAN,2023-01-13,1,0,26,7,262,1,0,0,6.4,56.1,83.6,4.3,1,3,2045,1.0,1.0,0.4,1.0
2023,KAN,2023-01-21,1,0,27,24,215,2,0,0,9.3,73.9,131.6,6.1,1,1,1377,1.0,1.0,0.2,0.0
2023,KAN,2023-01-28,1,0,17,10,230,1,0,2,6.2,76.9,99.3,2.8,1,6,2250,1.0,1.0,0.4444444444444444,0.5
2023,KAN,2023-02-11,1,1,25,22,325,2,1,3,7.2,73.9,98.6,4.3,0,5,2186,1.0,1.0,0.47368421052631576,1.0
2023,SDG,2023-09-10,0,0,34,36,200,1,0,3,6.9,69.7,95.5,5.8,3,3,1961,1.0,1.0,0.6,0.0
2023,SDG,2023-09-17,0,1,24,27,281,2,0,3,7.4,65.9,101.8,2.9,0,6,1689,1.0,1.0,0.14285714285714285,1.0
2023,SDG,2023-09-24,1,0,28,24,445,4,0,1,9.5,85.4,133.1,2.0,0,3,1607,1.0,0.0,0.45454545454545453,0.5
2023,SDG,2023-10-01,1,0,24,17,150,1,1,2,7.0,54.2,69.8,4.2,2,4,1629,1.0,1.0,0.35714285714285715,0.5
2023,SDG,2023-10-16,0,0,17,20,219,2,1,1,6.1,59.5,83.1,2.3,0,5,1808,1.0,1.0,0.35714285714285715,0.5
2023,SDG,2023-10-22,0,0,17,31,219,1,2,5,8.6,56.7,63.1,5.3,1,5,1700,1.0,1.0,0.42857142857142855,1.0
2023,SDG,2023-10-29,1,0,30,13,298,3,0,0,7.5,77.5,122.7,2.2,0,2,1888,1.0,1.0,0.5384615384615384,0.0
2023,SDG,2023-11-06,1,0,27,6,107,0,0,5,4.5,53.3,61.4,4.0,2,8,1533,1.0,1.0,0.4375,0.0
2023,SDG,2023-11-12,0,0,38,41,323,4,1,0,8.1,67.5,114.9,3.5,1,2,1766,1.0,1.0,0.5,1.0
2023,SDG,2023-11-19,0,0,20,23,244,2,0,2,7.2,58.3,97.5,6.3,0,3,1682,1.0,1.0,0.5,0.0
2023,SDG,2023-11-26,0,0,10,20,193,1,1,3,4.9,65.9,73.4,4.5,0,3,1597,1.0,1.0,0.4666666666666667,0.3333333333333333
2023,SDG,2023-12-03,1,0,6,0,212,0,0,0,5.7,59.5,75.5,1.2,0,8,1730,0.0,1.0,0.3333333333333333,0.0
2023,SDG,2023-12-10,0,0,7,24,207,0,1,6,6.5,52.4,56.3,4.0,1,5,1591,1.0,0.0,0.0,0.16666666666666666
2023,SDG,2023-12-14,0,0,21,63,234,3,1,3,8.0,71.9,110.7,3.3,0,5,1809,1.0,0.0,0.5,0.0
2023,SDG,2023-12-23,0,0,22,24,175,0,0,5,6.5,69.7,82.3,3.6,1,4,1984,1.0,1.0,0.2857142857142857,0.0
2023,SDG,2023-12-31,0,0,9,16,215,0,0,1,5.8,63.2,78.3,3.6,0,4,1574,0.0,0.75,0.18181818181818182,0.5
2023,SDG,2023-01-07,0,0,12,13,235,0,0,3,5.5,59.6,72.6,3.9,0,5,1975,0.0,1.0,0.3684210526315789,0.6666666666666666
2023,RAM,2023-09-10,1,0,30,13,334,0,0,0,8.8,63.2,91.3,2.3,3,1,2363,1.0,0.6,0.6470588235294118,1.0
2023,RAM,2023-09-17,0,0,23,30,297,1,2,1,5.6,61.8,67.0,4.0,1,2,1991,1.0,1.0,0.5,0.5
2023,RAM,2023-09-25,0,0,16,19,221,1,2,6,8.2,54.5,60.3,5.5,0,6,1440,1.0,1.0,0.09090909090909091,1.0
2023,RAM,2023-10-01,1,1,29,23,303,1,1,2,8.0,67.5,87.8,4.6,2,3,2386,1.0,0.6,0.4,1.0
2023,RAM,2023-10-08,0,0,14,23,195,2,0,4,6.0,56.8,89.4,3.9,0,4,1325,1.0,0.0,0.42857142857142855,0.6666666666666666
2023,RAM,2023-10-15,1,0,26,9,203,1,0,3,9.4,62.5,103.3,6.4,1,4,1770,1.0,1.0,0.3333333333333333,0.0
2023,RAM,2023-10-22,0,0,17,24,219,1,1,2,8.0,48.3,70.9,4.4,1,4,1906,0.0,0.3333333333333333,0.5625,0.0
2023,RAM,2023-10-29,0,0,20,43,188,1,1,2,6.4,56.3,70.8,3.8,1,5,1472,0.0,1.0,0.3076923076923077,0.5
2023,RAM,2023-11-05,0,0,3,20,119,0,1,1,4.6,46.4,43.6,2.6,0,5,1484,0.0,0.5,0.35714285714285715,0.0
2023,RAM,2023-11-19,1,0,17,16,185,1,1,1,6.1,54.8,70.0,3.0,1,5,1674,1.0,1.0,0.2222222222222222,0.0
2023,RAM,2023-11-26,1,0,37,14,229,4,1,0,6.9,75.8,121.1,6.9,1,2,2092,0.8,0.5,0.5,1.0
2023,RAM,2023-12-03,1,0,36,19,279,3,0,0,7.5,59.5,110.1,4.8,1,5,1557,1.0,0.6666666666666666,0.3333333333333333,0.0
2023,RAM,2023-12-10,0,1,31,37,282,3,0,2,7.2,56.1,101.9,4.3,0,6,2075,1.0,1.0,0.375,0.0
2023,RAM,2023-12-17,1,0,28,20,249,2,0,3,7.8,75.8,116.9,5.3,1,3,2153,1.0,0.6666666666666666,0.5625,0.0
2023,RAM,2023-12-21,1,0,30,22,325,2,0,1,9.6,70.6,120.3,4.2,1,2,2058,1.0,0.75,0.3333333333333333,1.0
2023,RAM,2023-12-31,1,0,26,25,286,1,2,4,9.3,70.6,81.2,4.6,3,5,1811,0.5,0.0,0.25,0.0
2023,RAM,2023-01-07,1,0,21,20,149,2,1,2,6.8,70.8,97.4,3.0,1,2,1860,0.5,0.0,0.6,0.75
2023,RAM,2023-01-14,0,0,23,24,357,2,0,2,10.2,69.4,119.8,4.0,0,2,1805,1.0,1.0,0.3333333333333333,1.0
2023,RAI,2023-09-10,1,0,17,16,200,2,1,0,7.7,76.9,107.9,2.1,0,1,1672,1.0,1.0,0.45454545454545453,1.0
2023,RAI,2023-09-17,0,0,10,38,185,1,2,0,7.7,66.7,68.9,3.7,0,3,1196,1.0,1.0,0.42857142857142855,0.0
2023,RAI,2023-09-24,0,0,18,23,293,2,3,4,7.4,63.6,69.6,3.6,0,5,1797,1.0,1.0,0.3076923076923077,0.5
2023,RAI,2023-10-01,0,0,17,24,188,0,1,7,6.1,61.5,62.8,3.3,2,5,1971,1.0,1.0,0.09090909090909091,1.0
2023,RAI,2023-10-09,1,0,17,13,183,1,1,4,6.7,71.0,83.1,3.3,1,4,1954,1.0,0.3333333333333333,0.38461538461538464,1.0
2023,RAI,2023-10-15,1,0,21,17,264,1,1,0,8.3,62.5,85.9,2.5,0,2,1932,1.0,1.0,0.5,0.0
2023,RAI,2023-10-22,0,0,12,30,196,1,3,1,4.5,60.0,49.9,2.8,0,2,1554,0.0,0.6666666666666666,0.2222222222222222,1.0
2023,RAI,2023-10-30,0,0,14,26,77,0,1,6,6.0,47.6,37.2,4.4,1,5,1227,1.0,0.0,0.1111111111111111,0.0
2023,RAI,2023-11-05,1,0,30,6,209,0,0,0,8.4,64.0,90.2,3.7,3,5,1736,1.0,1.0,0.35714285714285715,0.0
2023,RAI,2023-11-12,1,0,16,12,126,1,1,3,5.7,59.3,67.8,4.6,0,5,1818,1.0,1.0,0.3333333333333333,1.0
2023,RAI,2023-11-19,0,0,13,20,260,1,3,2,6.6,58.5,54.9,2.3,0,6,1665,1.0,1.0,0.2857142857142857,0.0
2023,RAI,2023-11-26,0,0,17,31,235,1,0,1,7.3,67.6,97.1,5.3,1,3,1755,1.0,0.5,0.5,0.0
2023,RAI,2023-12-10,0,0,0,3,146,0,1,4,5.3,65.6,62.8,3.3,0,8,1669,0.0,0.0,0.21428571428571427,1.0
2023,RAI,2023-12-14,1,0,63,21,254,5,0,1,7.2,61.1,122.0,4.8,2,6,1791,1.0,0.0,0.5625,0.0
2023,RAI,2023-12-25,1,0,20,14,48,0,0,2,3.0,42.9,50.3,5.4,0,6,1542,0.0,1.0,0.25,0.0
2023,RAI,2023-12-31,0,0,20,23,286,2,0,2,6.4,63.8,94.8,3.4,0,5,2024,1.0,1.0,0.3333333333333333,1.0
2023,RAI,2023-01-07,1,0,27,14,230,2,0,3,7.6,62.5,104.9,4.2,1,4,1836,1.0,1.0,0.5384615384615384,0.0
2023,MIA,2023-09-10,1,0,36,34,466,3,1,0,10.4,62.2,110.0,3.5,1,1,1639,0.75,1.0,0.4444444444444444,1.0
2023,MIA,2023-09-17,1,0,24,17,244,1,1,1,8.3,70.0,91.5,4.8,2,3,1819,1.0,0.3333333333333333,0.4,0.0
2023,MIA,2023-09-24,1,0,70,20,376,5,0,0,13.4,89.3,158.3,8.1,5,1,2001,1.0,0.0,0.5555555555555556,0.3333333333333333
2023,MIA,2023-10-01,0,0,20,48,251,1,1,4,8.1,71.4,89.1,7.5,2,3,1778,1.0,0.0,0.3,0.0
2023,MIA,2023-10-08,1,0,31,16,302,2,2,1,10.3,73.3,99.6,9.7,2,2,1441,1.0,1.0,0.375,0.0
2023,MIA,2023-10-15,1,0,42,21,262,3,1,0,8.2,65.6,109.1,4.9,3,4,1756,1.0,0.0,0.5384615384615384,0.0
2023,MIA,2023-10-22,0,0,17,31,199,1,1,4,6.8,71.9,85.3,3.8,0,3,1397,1.0,1.0,0.36363636363636365,0.0
2023,MIA,2023-10-29,1,0,31,17,312,3,1,2,7.2,66.7,99.5,3.0,1,3,2155,1.0,1.0,0.35714285714285715,1.0
2023,MIA,2023-11-05,0,0,14,21,175,1,0,3,5.7,61.8,84.8,5.6,1,7,1824,1.0,0.0,0.25,0.0
2023,MIA,2023-11-19,1,0,20,13,323,2,1,1,8.3,71.8,102.8,3.5,0,3,1935,1.0,0.6666666666666666,0.2727272727272727,0.0
2023,MIA,2023-11-24,1,0,34,13,228,1,2,2,8.1,70.0,75.4,4.5,2,1,2141,1.0,1.0,0.6875,0.0
2023,MIA,2023-12-03,1,0,45,15,283,2,0,0,11.3,76.0,139.2,3.6,3,3,1936,1.0,1.0,0.5384615384615384,1.0
2023,MIA,2023-12-11,0,0,27,28,208,0,0,5,7.3,69.7,86.4,5.1,2,5,1944,1.0,0.6666666666666666,0.3076923076923077,0.0
2023,MIA,2023-12-17,1,0,30,0,213,1,0,3,8.8,88.5,113.6,2.8,2,4,2181,1.0,1.0,0.4,1.0
2023,MIA,2023-12-24,1,0,22,20,284,1,0,1,7.9,64.9,97.1,3.5,0,2,1738,1.0,1.0,0.46153846153846156,0.0
2023,MIA,2023-12-31,0,0,19,56,221,2,2,3,6.2,57.9,70.2,6.2,0,3,1777,1.0,1.0,0.4,0.5
2023,MIA,2023-01-07,0,0,14,21,167,1,2,1,6.4,63.0,61.8,5.4,1,5,1313,1.0,0.0,0.4,0.0
2023,MIA,2023-01-13,0,0,7,26,188,1,1,2,5.1,51.3,62.8,4.2,0,4,1555,1.0,0.0,0.08333333333333333,0.5
2023,MIN,2023-09-10,0,0,17,20,328,2,1,2,7.8,75.0,101.3,2.4,0,5,1761,1.0,1.0,0.42857142857142855,0.0
2023,MIN,2023-09-14,0,0,28,34,346,4,0,2,8.3,70.5,123.9,3.1,0,3,1232,1.0,0.0,0.6,1.0
2023,MIN,2023-09-24,0,0,24,28,345,3,1,4,7.3,64.0,95.8,5.4,0,3,1993,1.0,1.0,0.2857142857142857,0.6666666666666666
2023,MIN,2023-10-01,1,0,21,13,130,2,2,2,7.3,63.2,78.7,5.9,0,4,1291,1.0,0.0,0.125,0.5
2023,MIN,2023-10-08,0,0,20,27,259,2,0,3,6.0,61.7,90.6,3.9,0,1,1681,1.0,1.0,0.42857142857142855,0.8
2023,MIN,2023-10-15,1,0,19,13,174,1,0,2,5.8,67.7,92.7,2.1,0,5,1489,0.5,0.6666666666666666,0.15384615384615385,0.5
2023,MIN,2023-10-23,1,0,22,17,378,2,1,0,8.4,77.8,107.2,3.5,0,1,2096,0.5,0.75,0.6153846153846154,0.0
2023,MIN,2023-10-29,1,0,24,10,284,2,0,3,8.5,74.3,116.8,2.0,1,2,2182,1.0,0.3333333333333333,0.5555555555555556,1.0
2023,MIN,2023-11-05,1,0,31,28,217,2,0,4,6.6,69.4,103.6,4.4,1,3,1892,1.0,1.0,0.4375,1.0
2023,MIN,2023-11-12,1,0,27,19,263,1,0,1,7.9,67.6,100.5,3.8,2,6,1986,1.0,0.6666666666666666,0.4,0.0
2023,MIN,2023-11-19,0,0,20,21,210,1,1,2,6.9,62.5,78.9,4.9,1,2,2098,1.0,1.0,0.4,0.75
2023,MIN,2023-11-27,0,0,10,12,169,1,4,2,5.8,68.8,52.2,4.3,0,3,1450,1.0,1.0,0.2222222222222222,0.0
2023,MIN,2023-12-10,1,0,3,0,99,0,0,5,4.1,52.8,58.6,4.4,0,9,1931,0.0,0.5,0.4,1.0
2023,MIN,2023-12-16,0,1,24,27,281,2,2,3,8.9,76.5,95.3,4.8,1,3,2021,1.0,1.0,0.4166666666666667,0.0
2023,MIN,2023-12-24,0,0,24,30,373,2,4,4,11.4,61.1,75.1,1.5,1,2,1298,1.0,1.0,0.3333333333333333,0.0
2023,MIN,2023-12-31,0,0,10,33,144,1,1,4,5.6,56.3,65.1,4.2,0,4,1348,1.0,1.0,0.3,0.0
2023,MIN,2023-01-07,0,0,20,30,359,2,2,4,9.0,68.2,89.1,4.0,0,4,2099,1.0,1.0,0.15384615384615385,0.6666666666666666
2023,NWE,2023-09-10,0,0,20,25,306,3,1,2,5.9,64.8,90.5,3.5,0,5,1752,1.0,0.0,0.3333333333333333,0.25
2023,NWE,2023-09-17,0,0,17,24,200,1,1,4,5.5,73.8,81.4,3.5,1,4,1781,1.0,1.0,0.4666666666666667,0.5
2023,NWE,2023-09-24,1,0,15,10,201,1,0,0,6.9,51.7,85.6,3.9,0,8,1912,1.0,0.5,0.42105263157894735,0.0
2023,NWE,2023-10-01,0,0,3,38,200,0,2,2,6.9,53.3,46.5,2.3,0,5,1491,0.0,0.5,0.3076923076923077,0.0
2023,NWE,2023-10-08,0,0,0,34,111,0,2,2,4.3,48.4,30.4,2.5,0,8,1226,0.0,0.0,0.07142857142857142,0.0
2023,NWE,2023-10-15,0,0,17,21,176,0,1,4,6.1,72.7,72.3,4.4,2,3,1668,1.0,1.0,0.5,0.0
2023,NWE,2023-10-22,1,0,29,25,268,2,0,1,9.1,83.3,126.1,4.0,1,2,1666,1.0,1.0,0.4444444444444444,0.0
2023,NWE,2023-10-29,0,0,17,31,141,2,1,3,5.6,65.5,85.6,4.1,0,5,1445,1.0,1.0,0.1111111111111111,0.5
2023,NWE,2023-11-05,0,0,17,20,220,1,1,0,5.0,54.5,66.5,5.6,1,6,1370,1.0,1.0,0.25,0.5
2023,NWE,2023-11-12,0,0,6,10,173,0,2,5,7.2,66.7,53.5,4.6,0,4,2065,0.0,0.6666666666666666,0.42857142857142855,1.0
2023,NWE,2023-11-26,0,0,7,10,136,0,3,2,4.1,60.0,32.6,4.7,1,6,2046,1.0,0.0,0.2857142857142857,1.0
2023,NWE,2023-12-03,0,0,0,6,109,0,0,5,5.6,52.0,63.6,4.6,0,7,1870,0.0,0.0,0.2857142857142857,0.3333333333333333
2023,NWE,2023-12-07,1,0,21,18,222,3,1,2,8.6,67.9,112.5,3.2,0,9,1661,1.0,0.0,0.3076923076923077,0.0
2023,NWE,2023-12-17,0,0,17,27,154,1,1,4,5.8,74.2,81.9,3.3,1,6,1726,1.0,0.5,0.16666666666666666,0.5
2023,NWE,2023-12-24,1,0,26,23,230,2,0,2,7.8,75.8,114.5,2.8,0,7,1722,0.6666666666666666,0.6666666666666666,0.23076923076923078,0.0
2023,NWE,2023-12-31,0,0,21,27,191,0,3,3,8.0,61.5,44.4,4.3,2,4,1628,1.0,0.0,0.4,0.0
2023,NWE,2023-01-07,0,0,3,17,31,0,2,7,2.9,40.0,20.1,4.2,0,9,1578,0.0,1.0,0.07142857142857142,0.0
2023,NOR,2023-09-10,1,0,16,15,282,1,1,4,9.2,69.7,93.2,2.6,0,5,1720,1.0,1.0,0.4375,0.0
2023,NOR,2023-09-18,1,0,20,17,207,0,1,4,6.4,59.5,63.7,4.1,2,5,1969,1.0,1.0,0.4375,0.0
2023,NOR,2023-09-24,0,0,17,18,175,1,0,4,6.0,67.6,89.7,3.5,0,7,1645,1.0,0.5,0.2857142857142857,1.0
2023,NOR,2023-10-01,0,0,9,26,127,0,1,3,3.6,61.5,56.3,3.7,0,4,1729,0.0,1.0,0.35714285714285715,0.5
2023,NOR,2023-10-08,1,0,34,0,168,2,0,2,7.0,69.2,112.3,3.2,1,7,2374,1.0,1.0,0.3333333333333333,0.0
2023,NOR,2023-10-15,0,0,13,20,341,1,1,2,7.0,64.7,82.2,3.6,0,3,1893,1.0,0.5,0.4,0.0
2023,NOR,2023-10-19,0,0,24,31,295,1,1,1,5.5,60.0,72.9,3.6,1,4,2170,1.0,0.75,0.16666666666666666,0.6666666666666666
2023,NOR,2023-10-29,1,0,38,27,350,2,0,1,12.2,69.0,132.8,4.5,3,4,1809,1.0,1.0,0.5,0.0
2023,NOR,2023-11-05,1,0,24,17,214,3,0,0,6.1,74.3,118.0,3.2,0,4,1760,1.0,0.5,0.5,0.0
2023,NOR,2023-11-12,0,0,19,27,215,2,2,3,5.4,60.5,69.4,4.3,0,6,1614,0.0,1.0,0.2857142857142857,1.0
2023,NOR,2023-11-26,0,0,15,24,296,0,1,1,8.0,63.2,76.2,5.3,0,1,1894,0.0,0.8333333333333334,0.42857142857142855,0.0
2023,NOR,2023-12-03,0,0,28,33,249,1,1,2,9.2,65.5,89.6,3.1,3,4,1930,1.0,0.0,0.5,0.0
2023,NOR,2023-12-10,1,0,28,6,110,2,1,1,4.6,69.2,87.0,3.9,1,5,1510,1.0,0.0,0.3,0.0
2023,NOR,2023-12-17,1,0,24,6,209,3,0,1,7.5,79.3,131.2,3.1,0,4,2007,1.0,1.0,0.5,0.0
2023,NOR,2023-12-21,0,0,22,30,304,3,1,2,8.0,67.5,104.6,2.2,0,2,1542,1.0,0.0,0.45454545454545453,0.0
2023,NOR,2023-12-31,1,0,23,13,202,2,0,1,6.1,73.5,107.7,3.1,0,6,2198,1.0,1.0,0.4444444444444444,0.0
2023,NOR,2023-01-07,1,0,48,17,246,4,0,3,9.4,78.6,142.9,4.4,2,4,2030,1.0,1.0,0.3,1.0
2023,NYG,2023-09-10,0,0,0,40,63,0,2,7,3.7,56.7,34.0,3.9,0,3,2008,0.0,0.0,0.3125,0.6
2023,NYG,2023-09-17,1,0,31,28,312,2,1,3,8.7,70.3,102.5,4.7,2,3,1763,1.0,1.0,0.5833333333333334,1.0
2023,NYG,2023-09-21,0,0,12,30,121,0,1,2,4.2,66.7,60.3,2.6,1,6,1250,0.0,1.0,0.25,0.0
2023,NYG,2023-10-02,0,0,3,24,136,0,2,11,6.0,79.4,58.8,3.9,0,5,2160,0.0,1.0,0.375,0.5
2023,NYG,2023-10-08,0,0,16,31,183,0,0,7,6.4,71.9,85.8,2.9,0,4,2159,1.0,0.75,0.29411764705882354,0.5
2023,NYG,2023-10-15,0,0,9,14,185,0,0,3,5.6,66.7,79.1,3.9,0,4,1884,0.0,1.0,0.5263157894736842,0.5
2023,NYG,2023-10-22,1,0,14,7,250,2,0,4,9.6,62.1,112.7,3.3,0,8,1726,1.0,0.0,0.3125,0.0
2023,NYG,2023-10-29,0,1,10,13,-9,0,0,4,0.5,42.9,50.3,3.9,1,13,2293,1.0,0.3333333333333333,0.10526315789473684,0.0
2023,NYG,2023-11-05,0,0,6,30,154,1,2,8,6.9,65.5,61.6,4.9,0,4,1864,0.0,0.0,0.25,0.2
2023,NYG,2023-11-12,0,0,17,49,61,2,1,5,3.2,51.9,67.1,4.8,0,7,1359,1.0,1.0,0.0,0.6666666666666666
2023,NYG,2023-11-19,1,0,31,19,201,3,0,9,9.5,69.2,130.4,4.8,0,7,1509,1.0,1.0,0.35714285714285715,0.0
2023,NYG,2023-11-26,1,0,10,7,162,1,0,6,7.6,68.0,99.1,3.1,0,8,1554,1.0,1.0,0.3076923076923077,0.0
2023,NYG,2023-12-11,1,0,24,22,158,1,0,0,7.5,81.0,113.9,6.1,2,4,1734,1.0,0.5,0.3,0.0
2023,NYG,2023-12-17,0,0,6,24,133,0,0,7,5.0,57.9,64.9,3.8,0,5,1593,0.0,1.0,0.125,0.6
2023,NYG,2023-12-25,0,0,25,33,186,1,1,1,5.9,50.0,65.4,4.1,1,4,1522,1.0,1.0,0.2857142857142857,0.6
2023,NYG,2023-12-31,0,0,25,26,284,1,1,6,7.8,65.9,83.8,5.3,1,5,1789,0.5,0.6666666666666666,0.3125,0.3333333333333333
2023,NYG,2023-01-07,1,0,27,10,306,1,1,2,9.1,73.5,98.4,3.6,2,5,1977,1.0,0.6666666666666666,0.42857142857142855,0.0
2023,NYJ,2023-09-11,1,1,22,16,117,1,1,3,6.4,63.6,73.5,6.1,0,4,1670,1.0,1.0,0.38461538461538464,1.0
2023,NYJ,2023-09-17,0,0,10,30,151,1,3,3,6.3,44.4,35.2,4.0,0,5,1065,1.0,1.0,0.1,1.0
2023,NYJ,2023-09-24,0,0,10,15,133,0,0,3,4.4,50.0,59.1,1.7,1,8,1688,1.0,1.0,0.14285714285714285,0.5
2023,NYJ,2023-10-01,0,0,20,23,228,2,0,2,6.3,71.8,103.4,6.8,0,5,1671,1.0,0.5,0.4166666666666667,0.0
2023,NYJ,2023-10-08,1,0,31,21,173,0,1,4,7.7,73.1,74.7,7.3,1,3,2076,1.0,1.0,0.25,0.0
2023,NYJ,2023-10-15,1,0,20,14,155,0,0,5,5.6,57.6,69.6,4.2,1,4,1756,0.0,1.0,0.18181818181818182,0.0
2023,NYJ,2023-10-29,1,1,13,10,193,1,0,4,6.7,47.2,73.0,2.6,0,11,1538,1.0,1.0,0.13333333333333333,0.0
2023,NYJ,2023-11-06,0,0,6,27,206,0,0,8,5.4,67.3,75.7,3.2,0,7,2067,0.0,1.0,0.17647058823529413,0.75
2023,NYJ,2023-11-12,0,0,12,16,257,0,1,2,6.6,57.5,66.4,5.1,0,5,1782,0.0,1.0,0.4375,0.0
2023,NYJ,2023-11-19,0,0,6,32,92,1,2,6,4.4,50.0,39.9,3.5,0,6,1389,0.0,0.0,0.0,0.8
2023,NYJ,2023-11-24,0,0,13,34,130,1,2,7,4.7,71.1,62.4,2.9,0,6,1459,0.5,0.0,0.35714285714285715,0.6666666666666666
2023,NYJ,2023-12-03,0,0,8,13,197,0,1,4,5.6,50.0,54.4,2.5,0,7,1826,0.0,1.0,0.13333333333333333,0.6666666666666666
2023,NYJ,2023-12-10,1,0,30,6,268,2,0,4,8.4,75.0,114.1,3.0,1,5,2225,1.0,1.0,0.4,1.0
2023,NYJ,2023-12-17,0,0,0,30,80,0,2,6,3.7,48.6,32.6,1.9,0,5,1419,0.0,0.0,0.38461538461538464,0.0
2023,NYJ,2023-12-24,1,0,30,28,217,1,1,0,4.4,55.1,64.8,4.6,2,6,2176,1.0,1.0,0.25,0.5
2023,NYJ,2023-12-28,0,0,20,37,253,1,1,2,5.8,71.1,82.9,5.1,0,5,1911,1.0,0.6666666666666666,0.375,0.5
2023,NYJ,2023-01-07,1,0,17,3,69,0,0,1,3.5,40.0,49.8,4.4,1,7,2022,0.0,0.75,0.2,0.0
2023,PHI,2023-09-10,1,0,25,20,154,1,0,3,5.2,66.7,87.2,3.9,0,4,1848,0.5,1.0,0.3076923076923077,0.0
2023,PHI,2023-09-14,1,0,34,28,171,1,1,4,8.4,78.3,94.0,5.4,3,4,2368,1.0,0.6666666666666666,0.42857142857142855,1.0
2023,PHI,2023-09-25,1,0,25,11,271,1,2,1,7.5,62.2,70.9,5.0,1,1,2335,1.0,1.0,0.625,0.6666666666666666
2023,PHI,2023-10-01,1,1,34,31,311,2,0,3,8.6,67.6,111.4,3.9,1,3,1855,1.0,1.0,0.3333333333333333,1.0
2023,PHI,2023-10-08,1,0,23,14,295,1,1,1,8.0,65.8,87.1,4.1,1,1,2275,1.0,1.0,0.7222222222222222,0.0
2023,PHI,2023-10-15,0,0,14,20,268,1,3,2,6.2,62.2,58.4,3.6,1,2,1844,1.0,0.0,0.5,0.5
2023,PHI,2023-10-22,1,0,31,17,256,2,1,3,9.0,74.2,106.4,2.9,2,1,2203,1.0,1.0,0.3333333333333333,1.0
2023,PHI,2023-10-29,1,0,38,31,315,4,0,2,8.4,76.3,135.3,2.7,1,2,1711,1.0,1.0,0.6153846153846154,1.0
2023,PHI,2023-11-05,1,0,28,23,183,2,0,3,9.0,73.9,125.8,3.3,2,5,1818,1.0,0.0,0.5,1.0
2023,PHI,2023-11-20,1,0,21,17,124,0,1,5,6.8,63.6,59.7,4.2,3,7,1679,1.0,0.0,0.2727272727272727,0.0
2023,PHI,2023-11-26,1,1,37,34,193,3,1,2,6.5,58.1,95.2,5.8,2,5,1613,1.0,1.0,0.36363636363636365,0.0
2023,PHI,2023-12-03,0,0,19,42,287,1,0,3,6.5,58.3,82.6,2.6,1,3,1899,1.0,1.0,0.5333333333333333,0.5
2023,PHI,2023-12-10,0,0,13,33,218,0,0,1,8.0,67.9,91.1,4.6,0,1,1404,1.0,1.0,0.4444444444444444,0.5
2023,PHI,2023-12-18,0,0,17,20,143,0,2,0,4.6,54.8,40.1,4.7,2,5,1978,1.0,1.0,0.5625,1.0
2023,PHI,2023-12-25,1,0,33,25,295,1,1,1,7.9,63.2,84.9,4.9,2,2,2078,1.0,1.0,0.5333333333333333,1.0
2023,PHI,2023-12-31,0,0,31,35,184,3,1,0,7.7,79.2,120.8,4.0,0,2,1221,1.0,1.0,0.4444444444444444,1.0
2023,PHI,2023-01-07,0,0,10,27,166,1,2,5,5.6,55.6,53.7,5.5,0,4,1623,1.0,1.0,0.38461538461538464,0.0
2023,PHI,2023-01-15,0,0,9,32,234,1,0,3,7.1,71.4,99.0,2.8,0,4,1557,0.0,1.0,0.0,0.0
2023,PIT,2023-09-10,0,0,7,30,198,1,2,5,5.0,67.4,65.3,4.1,0,6,1357,1.0,0.0,0.3333333333333333,0.3333333333333333
2023,PIT,2023-09-18,1,0,26,22,200,1,1,2,7.4,50.0,68.8,2.6,0,7,1472,1.0,1.0,0.2857142857142857,0.0
2023,PIT,2023-09-24,1,0,23,18,228,2,0,1,8.4,57.1,107.4,3.4,0,6,1803,1.0,1.0,0.4,0.0
2023,PIT,2023-10-01,0,0,6,30,111,0,1,3,4.7,64.3,57.3,4.6,0,5,1645,0.0,1.0,0.42857142857142855,0.0
2023,PIT,2023-10-08,1,0,17,10,202,1,0,3,7.0,56.3,85.7,2.9,0,6,1786,0.0,1.0,0.4,0.0
2023,PIT,2023-10-22,1,0,24,17,214,0,0,2,9.2,68.0,94.4,3.0,3,5,1694,1.0,1.0,0.3333333333333333,1.0
2023,PIT,2023-10-29,0,0,10,20,191,1,2,3,4.9,58.1,57.4,3.9,0,6,1544,1.0,0.5,0.25,0.0
2023,PIT,2023-11-02,1,0,20,16,160,1,0,0,5.3,63.3,88.2,5.5,1,4,1731,1.0,1.0,0.5,0.0
2023,PIT,2023-11-12,1,0,23,19,119,0,0,1,5.5,60.9,74.4,5.7,2,5,1833,1.0,1.0,0.3076923076923077,1.0
2023,PIT,2023-11-19,0,0,10,13,77,0,0,3,3.8,53.6,59.2,6.6,1,9,1713,1.0,1.0,0.21428571428571427,1.0
2023,PIT,2023-11-26,1,0,16,10,268,0,0,2,8.4,72.7,96.5,4.6,1,4,2237,1.0,1.0,0.47058823529411764,0.0
2023,PIT,2023-12-03,0,0,10,24,187,1,0,0,6.9,66.7,98.8,4.2,0,4,1843,1.0,0.5,0.36363636363636365,0.0
2023,PIT,2023-12-07,0,0,18,21,182,1,1,2,5.3,61.1,71.8,2.9,1,6,1939,1.0,1.0,0.21428571428571427,0.3333333333333333
2023,PIT,2023-12-16,0,0,13,30,142,1,2,4,6.6,69.2,63.3,3.1,1,4,1600,0.5,0.0,0.3333333333333333,0.6666666666666666
2023,PIT,2023-12-23,1,0,34,11,284,2,0,1,10.7,63.0,123.1,3.8,2,5,1691,1.0,1.0,0.5,0.0
2023,PIT,2023-12-31,1,0,30,23,266,0,0,1,11.4,75.0,110.8,4.4,3,1,2253,1.0,1.0,0.46153846153846156,0.6666666666666666
2023,PIT,2023-01-06,1,0,17,10,134,1,0,3,7.6,90.0,111.2,4.0,1,6,2094,1.0,1.0,0.4,0.0
2023,PIT,2023-01-15,0,0,17,31,218,2,1,1,5.9,56.4,78.8,4.6,0,4,1601,1.0,1.0,0.45454545454545453,0.0
2023,SEA,2023-09-10,0,0,13,30,95,1,0,2,4.3,61.5,81.4,4.7,0,4,1237,1.0,0.6666666666666666,0.2222222222222222,0.0
2023,SEA,2023-09-17,1,1,37,31,311,2,0,1,8.0,78.0,114.5,3.3,2,3,2011,1.0,0.3333333333333333,0.45454545454545453,1.0
2023,SEA,2023-09-24,1,0,37,27,279,1,1,2,8.2,63.9,85.3,4.4,2,2,1828,1.0,1.0,0.23076923076923078,1.0
2023,SEA,2023-10-02,1,0,24,3,160,1,0,2,6.7,57.7,88.6,5.3,1,4,1440,1.0,0.5,0.25,0.0
2023,SEA,2023-10-15,0,0,13,17,297,0,2,4,8.0,65.9,66.8,3.5,1,3,2041,1.0,1.0,0.4166666666666667,0.0
2023,SEA,2023-10-22,1,0,20,10,203,2,1,2,9.1,75.0,110.2,3.6,0,3,1832,1.0,1.0,0.5384615384615384,0.0
2023,SEA,2023-10-29,1,0,24,20,248,2,2,1,6.9,62.2,77.3,6.7,1,5,1400,1.0,1.0,0.3333333333333333,1.0
2023,SEA,2023-11-05,0,0,3,37,123,0,1,4,5.6,46.4,44.2,1.9,0,7,1196,0.0,1.0,0.08333333333333333,0.0
2023,SEA,2023-11-12,1,0,29,26,369,2,0,1,7.9,66.0,103.9,4.6,0,4,1827,1.0,1.0,0.2857142857142857,1.0
2023,SEA,2023-11-19,0,0,16,17,223,1,1,2,5.9,60.0,73.2,3.2,0,4,1926,1.0,0.75,0.3333333333333333,1.0
2023,SEA,2023-11-23,0,0,13,31,132,0,1,6,6.7,66.7,62.6,4.2,0,5,1470,1.0,0.6666666666666666,0.2727272727272727,0.0
2023,SEA,2023-11-30,0,0,35,41,334,3,1,1,8.1,56.1,97.0,3.3,2,0,1413,1.0,0.0,0.6428571428571429,0.0
2023,SEA,2023-12-10,0,0,16,28,254,2,2,4,8.7,71.0,90.0,3.5,0,6,1845,1.0,1.0,0.18181818181818182,0.0
2023,SEA,2023-12-18,1,0,20,17,197,1,0,2,6.3,66.7,92.6,4.2,1,5,1622,1.0,1.0,0.42857142857142855,0.0
2023,SEA,2023-12-24,1,0,20,17,215,2,0,3,6.3,69.4,103.4,2.9,0,3,1569,1.0,1.0,0.5384615384615384,0.0
2023,SEA,2023-12-31,0,0,23,30,281,1,0,1,8.8,69.7,105.7,5.9,1,3,1347,1.0,1.0,0.3333333333333333,0.0
2023,SEA,2023-01-07,1,0,21,20,189,2,0,0,6.8,57.1,101.6,5.5,0,5,1437,1.0,1.0,0.5,0.0
2023,SFO,2023-09-10,1,0,30,7,203,2,0,3,7.6,65.5,108.8,5.5,1,3,2243,1.0,1.0,0.46153846153846156,1.0
2023,SFO,2023-09-17,1,0,30,23,206,0,0,1,8.2,68.0,93.1,5.7,3,4,1609,1.0,1.0,0.2222222222222222,0.0
2023,SFO,2023-09-21,1,0,30,12,300,2,0,2,8.4,67.6,110.2,3.6,1,3,2350,1.0,1.0,0.5625,0.0
2023,SFO,2023-10-01,1,0,35,16,271,1,0,1,13.5,95.2,134.6,4.0,4,1,1754,1.0,0.0,0.6,1.0
2023,SFO,2023-10-08,1,0,42,10,251,4,0,1,10.1,72.0,143.5,4.1,2,4,2225,1.0,0.0,0.5454545454545454,0.0
2023,SFO,2023-10-15,0,0,17,19,107,1,1,3,4.6,44.4,52.5,4.3,1,6,1617,1.0,0.3333333333333333,0.25,0.0
2023,SFO,2023-10-23,0,0,17,22,260,1,2,1,9.1,70.0,79.9,3.0,1,1,1504,1.0,0.5,0.5555555555555556,1.0
2023,SFO,2023-10-29,0,0,17,31,347,1,2,2,11.8,71.0,91.7,4.9,1,3,1717,1.0,1.0,0.5555555555555556,0.0
2023,SFO,2023-11-12,1,0,34,3,293,3,0,2,10.8,71.4,140.9,4.8,1,3,1991,1.0,1.0,0.3333333333333333,0.5
2023,SFO,2023-11-19,1,0,27,14,305,3,0,4,13.3,84.0,157.1,3.8,0,3,1851,1.0,1.0,0.4,0.0
2023,SFO,2023-11-23,1,0,31,13,208,1,1,1,6.7,67.7,83.8,5.1,3,5,2130,1.0,1.0,0.45454545454545453,0.0
2023,SFO,2023-12-03,1,0,42,19,310,4,0,2,11.6,70.4,148.1,5.2,2,2,1701,1.0,0.0,0.7272727272727273,1.0
2023,SFO,2023-12-10,1,0,28,16,354,2,1,3,13.6,70.4,122.1,7.5,2,5,1755,1.0,0.0,0.5454545454545454,0.0
2023,SFO,2023-12-17,1,0,45,29,262,4,0,0,9.4,64.3,134.2,5.5,1,2,1549,1.0,1.0,0.5714285714285714,0.0
2023,SFO,2023-12-25,0,0,19,33,308,1,5,4,7.3,56.5,44.7,6.7,1,2,1726,1.0,1.0,0.42857142857142855,0.3333333333333333
2023,SFO,2023-12-31,1,0,27,10,224,2,0,1,8.2,78.6,123.8,4.7,1,2,2293,1.0,1.0,0.4444444444444444,0.0
2023,SFO,2023-01-07,0,0,20,21,175,1,0,3,7.3,61.5,94.2,4.3,2,3,1740,0.6666666666666666,0.0,0.5,1.0
2023,SFO,2023-01-20,1,0,24,21,245,1,0,1,6.5,59.0,86.0,4.6,2,4,1781,1.0,0.5,0.625,0.0
2023,SFO,2023-01-28,1,0,34,31,258,1,1,2,8.6,64.5,87.8,4.7,3,1,1932,1.0,0.6666666666666666,0.5,0.0
2023,SFO,2023-02-11,0,1,22,25,272,2,0,1,7.1,61.5,99.5,3.5,0,5,2311,0.5,1.0,0.25,1.0
2023,TAM,2023-09-10,1,0,20,17,169,2,0,1,5.1,61.8,93.9,2.2,0,6,1839,1.0,1.0,0.35294117647058826,1.0
2023,TAM,2023-09-17,1,0,27,17,317,1,0,0,9.3,76.5,114.5,3.5,1,4,2156,1.0,0.6666666666666666,0.5333333333333333,1.0
2023,TAM,2023-09-25,0,0,11,25,133,1,1,2,5.8,60.0,70.9,2.4,0,4,1265,0.0,1.0,0.5,0.0
2023,TAM,2023-10-01,1,0,26,9,239,3,1,1,7.5,75.8,113.1,3.5,0,4,1871,1.0,1.0,0.5333333333333333,0.0
2023,TAM,2023-10-15,0,0,6,20,205,0,1,1,5.6,51.4,56.7,2.9,0,6,1410,0.0,1.0,0.16666666666666666,0.5
2023,TAM,2023-10-22,0,0,13,16,256,1,1,3,6.5,64.3,79.1,3.7,0,3,1801,1.0,1.0,0.5,0.0
2023,TAM,2023-10-26,0,0,18,24,224,2,0,3,5.6,59.5,89.8,4.6,0,6,1683,1.0,0.5,0.26666666666666666,1.0
2023,TAM,2023-11-05,0,0,37,39,251,2,0,2,8.8,70.0,117.5,2.6,2,4,1880,1.0,1.0,0.23076923076923078,1.0
2023,TAM,2023-11-12,1,0,20,6,263,2,1,3,9.6,62.1,100.2,2.7,0,5,1900,1.0,1.0,0.4666666666666667,0.0
2023,TAM,2023-11-19,0,0,14,27,221,1,1,4,5.5,64.4,74.4,3.7,1,3,1749,1.0,0.0,0.5,0.3333333333333333
2023,TAM,2023-11-26,0,0,20,27,173,2,1,6,6.4,64.5,87.2,6.6,0,4,1719,1.0,1.0,0.38461538461538464,1.0
2023,TAM,2023-12-03,1,0,21,18,194,1,1,1,7.0,48.3,67.3,4.6,2,8,1578,1.0,0.0,0.4,0.0
2023,TAM,2023-12-10,1,0,29,25,142,2,0,1,5.0,48.3,85.7,4.0,1,6,1900,1.0,1.0,0.375,0.5
2023,TAM,2023-12-17,1,0,34,20,353,4,0,5,13.6,78.6,158.3,3.7,0,1,1747,1.0,1.0,0.6363636363636364,1.0
2023,TAM,2023-12-24,1,0,30,12,265,2,0,2,8.1,74.3,114.6,1.9,1,2,2227,1.0,1.0,0.5263157894736842,0.5
2023,TAM,2023-12-31,0,0,13,23,292,2,2,2,9.4,66.7,89.5,3.8,0,5,1402,1.0,0.0,0.25,1.0
2023,TAM,2023-01-07,1,0,9,0,115,0,0,3,4.3,62.5,69.1,3.9,0,6,1884,0.0,1.0,0.375,0.0
2023,TAM,2023-01-15,1,0,32,9,307,3,0,4,9.4,61.1,116.3,4.1,0,3,2043,1.0,1.0,0.42857142857142855,0.5
2023,TAM,2023-01-21,0,0,23,31,319,3,2,4,8.5,63.4,91.4,5.9,0,4,1680,1.0,0.5,0.3333333333333333,1.0
2023,OTI,2023-09-10,0,0,15,16,181,0,3,3,5.8,47.1,26.7,4.7,0,3,1880,0.0,1.0,0.16666666666666666,0.0
2023,OTI,2023-09-17,1,1,27,24,200,1,0,5,10.3,83.3,115.3,4.1,2,5,2209,1.0,1.0,0.46153846153846156,0.0
2023,OTI,2023-09-24,0,0,3,27,68,0,0,5,4.2,52.0,57.9,1.7,0,7,1291,0.0,1.0,0.16666666666666666,1.0
2023,OTI,2023-10-01,1,0,27,3,227,2,1,3,9.3,73.1,109.0,5.2,1,2,2085,1.0,1.0,0.6153846153846154,1.0
2023,OTI,2023-10-08,0,0,16,23,259,0,1,1,7.5,65.7,75.8,4.0,1,1,1737,1.0,1.0,0.4166666666666667,0.5
2023,OTI,2023-10-15,0,0,16,24,104,0,1,6,7.1,57.1,50.5,6.8,1,5,1458,1.0,1.0,0.1111111111111111,0.0
2023,OTI,2023-10-29,1,0,28,23,226,4,0,2,8.2,65.5,128.7,4.1,0,8,1979,1.0,0.0,0.3333333333333333,1.0
2023,OTI,2023-11-02,0,0,16,20,235,0,1,4,6.7,56.4,63.5,4.2,1,3,1869,1.0,1.0,0.23076923076923078,0.5
2023,OTI,2023-11-12,0,0,6,20,167,0,1,4,5.1,48.7,49.8,2.6,0,4,1700,0.0,0.6666666666666666,0.4,0.0
2023,OTI,2023-11-19,0,0,14,34,143,2,0,2,9.3,76.5,140.1,4.8,0,4,1414,1.0,0.0,0.2857142857142857,1.0
2023,OTI,2023-11-26,1,0,17,10,184,0,0,1,6.6,64.3,83.0,3.3,2,7,1571,1.0,1.0,0.18181818181818182,1.0
2023,OTI,2023-12-03,0,1,28,31,204,1,0,6,6.8,48.5,78.3,4.2,2,7,2306,0.6666666666666666,1.0,0.35294117647058826,0.0
2023,OTI,2023-12-11,1,0,28,27,320,1,1,1,8.6,60.5,85.4,2.9,2,5,1656,1.0,1.0,0.38461538461538464,0.0
2023,OTI,2023-12-17,0,1,16,19,138,0,1,7,7.7,65.4,62.7,2.2,1,8,2008,0.5,1.0,0.3333333333333333,1.0
2023,OTI,2023-12-24,0,0,17,20,125,1,0,6,6.1,70.4,92.4,5.2,1,3,2031,1.0,1.0,0.5,1.0
2023,OTI,2023-12-31,0,0,3,26,134,0,0,6,7.1,69.2,81.2,2.5,0,5,1609,0.0,1.0,0.08333333333333333,0.5
2023,OTI,2023-01-07,1,0,28,20,152,2,1,2,6.2,63.0,87.3,6.7,2,3,1663,1.0,0.0,0.5454545454545454,0.0
2023,WAS,2023-09-10,1,0,20,16,156,1,1,6,6.5,61.3,71.4,3.3,1,6,1884,1.0,1.0,0.3333333333333333,0.0
2023,WAS,2023-09-17,1,0,35,33,266,2,0,4,7.7,69.2,105.3,5.3,2,3,2025,1.0,0.5,0.3,1.0
2023,WAS,2023-09-24,0,0,3,37,125,0,4,9,5.9,65.5,35.1,8.1,0,3,1521,0.0,1.0,0.1111111111111111,0.0
2023,WAS,2023-10-01,0,1,31,34,258,1,0,5,7.1,70.7,95.4,3.8,2,5,2107,1.0,1.0,0.47058823529411764,1.0
2023,WAS,2023-10-05,0,0,20,40,359,2,1,5,7.6,72.5,96.8,2.9,0,2,1796,0.0,0.6666666666666666,0.5,0.0
2023,WAS,2023-10-15,1,0,24,16,121,3,0,5,6.6,60.9,114.3,3.3,0,6,1417,1.0,1.0,0.2,1.0
2023,WAS,2023-10-22,0,0,7,14,197,0,1,6,5.9,52.4,55.4,4.0,1,10,1874,1.0,0.0,0.06666666666666667,0.6666666666666666
2023,WAS,2023-10-29,0,0,31,38,388,4,1,1,7.6,75.0,113.3,5.3,0,2,1889,1.0,1.0,0.5833333333333334,0.0
2023,WAS,2023-11-05,1,0,20,17,308,1,1,3,7.2,64.4,82.5,4.3,1,5,2230,1.0,1.0,0.5294117647058824,0.0
2023,WAS,2023-11-12,0,0,26,29,288,3,0,3,7.1,65.9,107.0,4.9,0,5,1773,0.6666666666666666,1.0,0.4666666666666667,1.0
2023,WAS,2023-11-19,0,0,19,31,230,1,3,4,5.7,68.9,60.4,6.2,1,2,2091,0.5,1.0,0.38461538461538464,1.0
2023,WAS,2023-11-23,0,0,10,45,268,0,1,4,6.8,63.6,71.0,4.0,1,3,2214,1.0,1.0,0.4666666666666667,0.0
2023,WAS,2023-12-03,0,0,15,45,107,0,1,3,5.5,52.2,46.8,4.9,2,5,1664,1.0,0.0,0.42857142857142855,1.0
2023,WAS,2023-12-17,0,0,20,28,218,3,1,1,6.3,52.8,87.5,3.8,0,5,1447,0.6666666666666666,0.0,0.21428571428571427,0.6
2023,WAS,2023-12-24,0,0,28,30,143,1,2,1,4.5,45.7,42.9,4.6,3,8,1424,1.0,0.0,0.25,1.0
2023,WAS,2023-12-31,0,0,10,27,163,1,2,1,6.0,60.7,59.1,4.4,0,3,1307,1.0,1.0,0.3333333333333333,0.0
2023,WAS,2023-01-07,0,0,10,38,130,1,2,4,5.6,71.4,63.1,2.9,0,2,1565,1.0,1.0,0.2,0.75
